-- Database eksport
-- Eksporteret: 2025-09-28 13:58:46.303922


-- Tabel: exercises
INSERT INTO exercises (id, name, duration_minutes, calories_burned, date) VALUES
  (1, 'Løb', 50.0, 1000.0, '2025-09-14');

-- Tabel: user_goals
INSERT INTO user_goals (id, daily_calories, protein_target, carbs_target, fat_target) VALUES
  (1, 1582.0, 167.0, 98.0, 58.0);

-- Tabel: nutrients
INSERT INTO nutrients (id, name, calories_per_gram, description) VALUES
  (1, 'protein', 4.0, 'Protein provides 4 calories per gram'),
  (2, 'carbohydrates', 4.0, 'Carbohydrates provide 4 calories per gram'),
  (3, 'fat', 9.0, 'Fat provides 9 calories per gram'),
  (4, 'fiber', 0.0, 'Fiber provides no calories'),
  (5, 'sugar', 4.0, 'Sugar provides 4 calories per gram'),
  (6, 'alcohol', 7.0, 'Alcohol provides 7 calories per gram');

-- Tabel: diary_entries
INSERT INTO diary_entries (id, date, meal_type, grams, food_id, notes) VALUES
  (1, '2025-09-15', 'morgenmad', 150.0, 15, NULL),
  (2, '2025-09-14', 'frokost', 200.0, 48, NULL),
  (3, '2025-09-14', 'aftensmad', 300.0, 62, NULL),
  (4, '2025-09-23', 'morgenmad', 20.000000000000014, 52, NULL),
  (5, '2025-09-23', 'frokost', 100.0, 253, NULL),
  (6, '2025-09-23', 'frokost', 100.0, 232, NULL),
  (7, '2025-09-23', 'frokost', 100.0, 258, NULL),
  (8, '2025-09-23', 'mellemmaaltid1', 40.000000000000014, 232, NULL),
  (9, '2025-09-23', 'aftensmad', 20.000000000000014, 52, NULL),
  (10, '2025-09-23', 'morgenmad', 30.000000000000014, 52, NULL),
  (11, '2025-09-23', 'morgenmad', 30.000000000000014, 52, NULL),
  (12, '2025-09-24', 'morgenmad', 100.0, 19, NULL),
  (14, '2025-09-24', 'frokost', 30.000000000000014, 52, NULL),
  (15, '2025-09-24', 'aftensmad', 70.0, 52, NULL),
  (16, '2025-09-24', 'morgenmad', 70.0, 19, NULL),
  (17, '2025-09-24', 'morgenmad', 70.0, 52, NULL),
  (18, '2025-09-25', 'morgenmad', 80.0, 52, NULL),
  (19, '2025-09-25', 'morgenmad', 180.00000000000006, 253, NULL),
  (20, '2025-09-25', 'mellemmaaltid2', 100.0, 2, NULL);

-- Tabel: foods
INSERT INTO foods (id, name, category, brand, used, last_used, calories, protein, carbohydrates, fat, fiber, sugar, saturated_fat, unsaturated_fat, cholesterol, sodium, potassium, calcium, iron, vitamin_a, vitamin_c, vitamin_d, vitamin_b12, magnesium, created_at, updated_at, last_portion) VALUES
  (1, 'kylling bryst', 'kød', NULL, 2, 1758514149, 111.0, 22.0, 0.0, 2.5, 0.0, 0.0, 0.4, 2.1, 0.0, 0.0, 0.0, 0.0, 0.0, 0.0, 0.0, 0.0, 0.0, 0.0, '2025-09-12 00:37:31.001997', '2025-09-12 00:37:31.001997', 1.0),
  (2, 'mukimame bønner', 'frost', 'harvest best', 1, 1758828690, 130.0, 11.0, 2.8, 7.2, 0.0, 2.5, 1.0, 6.2, 0.0, 0.0, 0.0, 0.0, 0.0, 0.0, 0.0, 0.0, 0.0, 0.0, '2025-09-12 00:37:31.006001', '2025-09-12 00:37:31.006001', 1.0),
  (3, 'basis salat', 'grønt', NULL, 0, NULL, 29.0, 1.3, 4.2, 0.0, 0.0, 4.1, 0.0, 0.0, 0.0, 0.0, 0.0, 0.0, 0.0, 0.0, 0.0, 0.0, 0.0, 0.0, '2025-09-12 00:37:31.007999', '2025-09-12 00:37:31.007999', 1.0),
  (4, 'sesamfrø', 'korn og gryn', NULL, 0, NULL, 575.0, 20.0, 10.0, 50.0, 12.0, 0.2, 7.9, 42.1, 0.0, 0.0, 0.0, 0.0, 0.0, 0.0, 0.0, 0.0, 0.0, 0.0, '2025-09-12 00:37:31.009999', '2025-09-12 00:37:31.009999', 1.0),
  (5, 'peber spegepølse', 'pålæg', 'egelykke', 0, NULL, 411.0, 19.0, 0.0, 37.0, 0.0, 0.0, 14.0, 23.0, 0.0, 0.0, 0.0, 0.0, 0.0, 0.0, 0.0, 0.0, 0.0, 0.0, '2025-09-12 00:37:31.010999', '2025-09-12 00:37:31.010999', 1.0),
  (6, 'kidney bønner', 'konserves', NULL, 0, NULL, 103.0, 8.0, 13.0, 0.7, 0.0, 2.2, 0.1, 0.6, 0.0, 0.0, 0.0, 0.0, 0.0, 0.0, 0.0, 0.0, 0.0, 0.0, '2025-09-12 00:37:31.012000', '2025-09-12 00:37:31.012000', 1.0),
  (7, 'skinke schnitzel', 'kød', NULL, 0, NULL, 106.0, 22.0, 0.0, 2.1, 0.0, 0.0, 0.8, 1.3, 0.0, 0.0, 0.0, 0.0, 0.0, 0.0, 0.0, 0.0, 0.0, 0.0, '2025-09-12 00:37:31.013001', '2025-09-12 00:37:31.013001', 1.0),
  (8, 'muesli i skab', 'korn og gryn', NULL, 0, NULL, 441.0, 14.1, 53.0, 14.0, 19.3, 27.0, 1.9, 12.1, 0.0, 0.0, 0.0, 0.0, 0.0, 0.0, 0.0, 0.0, 0.0, 0.0, '2025-09-12 00:37:31.013998', '2025-09-12 00:37:31.013998', 1.0),
  (9, 'bulgur og quinoa', 'frost', 'harvest best', 0, NULL, 118.0, 3.8, 14.0, 4.3, 3.8, 1.6, 0.5, 3.8, 0.0, 0.0, 0.0, 0.0, 0.0, 0.0, 0.0, 0.0, 0.0, 0.0, '2025-09-12 00:37:31.014999', '2025-09-12 00:37:31.014999', 1.0),
  (10, 'majs', 'frost', 'harvest best', 0, NULL, 89.0, 2.9, 16.0, 1.3, 1.8, 5.6, 0.2, 1.1, 0.0, 0.0, 0.0, 0.0, 0.0, 0.0, 0.0, 0.0, 0.0, 0.0, '2025-09-12 00:37:31.015998', '2025-09-12 00:37:31.015998', 1.0),
  (11, 'blandede svampe', 'frost', 'harvest best', 0, NULL, 20.0, 1.5, 0.0, 0.5, 0.0, 0.0, 0.5, 0.0, 0.0, 0.0, 0.0, 0.0, 0.0, 0.0, 0.0, 0.0, 0.0, 0.0, '2025-09-12 00:37:31.016998', '2025-09-12 00:37:31.016998', 1.0),
  (12, 'fiberknas bells', 'korn og gryn', NULL, 0, NULL, 328.0, 9.2, 53.0, 3.3, 24.0, 39.0, 0.5, 2.8, 0.0, 0.0, 0.0, 0.0, 0.0, 0.0, 0.0, 0.0, 0.0, 0.0, '2025-09-12 00:37:31.017999', '2025-09-12 00:37:31.017999', 1.0),
  (13, 'ærter - harvest best', 'frost', NULL, 0, NULL, 74.0, 6.1, 8.4, 0.7, 0.0, 4.0, 0.0, 0.7, 0.0, 0.0, 0.0, 0.0, 0.0, 0.0, 0.0, 0.0, 0.0, 0.0, '2025-09-12 00:37:31.017999', '2025-09-12 00:37:31.017999', 1.0),
  (14, 'pimienta syltede', 'konserves', NULL, 0, NULL, 21.0, 1.1, 7.2, 0.0, 6.7, 1.2, 0.0, 0.0, 0.0, 0.0, 0.0, 0.0, 0.0, 0.0, 0.0, 0.0, 0.0, 0.0, '2025-09-12 00:37:31.018997', '2025-09-12 00:37:31.018997', 1.0),
  (15, 'yoghurt mango og banan Cheasy', 'mejeri', NULL, 0, NULL, 40.0, 4.2, 4.8, 0.1, 0.0, 4.5, 0.1, 0.0, 0.0, 0.0, 0.0, 0.0, 0.0, 0.0, 0.0, 0.0, 0.0, 0.0, '2025-09-12 00:37:31.019998', '2025-09-12 00:37:31.019998', 1.0),
  (16, 'cavatappi protein pasta', 'ris og pasta', NULL, 0, NULL, 344.0, 29.0, 44.0, 2.7, 14.0, 1.9, 0.7, 2.0, 0.0, 0.0, 0.0, 0.0, 0.0, 0.0, 0.0, 0.0, 0.0, 0.0, '2025-09-12 00:37:31.021000', '2025-09-12 00:37:31.021000', 1.0),
  (17, 'Bagerens bedste - Kohberg', 'brød', NULL, 0, NULL, 253.0, 11.0, 24.0, 11.0, 7.0, 2.2, 1.4, 9.6, 0.0, 0.0, 0.0, 0.0, 0.0, 0.0, 0.0, 0.0, 0.0, 0.0, '2025-09-12 00:37:31.023002', '2025-09-12 00:37:31.023002', 1.0),
  (18, 'mørksej loins', 'fisk', NULL, 0, NULL, 78.0, 18.0, 0.0, 0.7, 0.0, 0.0, 0.4, 0.29999999999999993, 0.0, 0.0, 0.0, 0.0, 0.0, 0.0, 0.0, 0.0, 0.0, 0.0, '2025-09-12 00:37:31.024002', '2025-09-12 00:37:31.024002', 1.0),
  (19, 'agurk syltede burger sliced', 'konserves', NULL, 5, 1758749360, 87.0, 0.4, 20.1, 0.2, 0.0, 20.0, 0.0, 0.2, 0.0, 0.0, 0.0, 0.0, 0.0, 0.0, 0.0, 0.0, 0.0, 0.0, '2025-09-12 00:37:31.026002', '2025-09-12 00:37:31.026002', 0.7000000000000001),
  (20, 'blomkål og broccoli ris', 'frost', NULL, 0, NULL, 64.0, 4.0, 4.2, 2.9, 0.0, 1.7, 1.4, 1.5, 0.0, 0.0, 0.0, 0.0, 0.0, 0.0, 0.0, 0.0, 0.0, 0.0, '2025-09-12 00:37:31.027002', '2025-09-12 00:37:31.027002', 1.0),
  (21, 'hakkede tomater - la campagna', 'konserves', NULL, 0, NULL, 25.0, 1.4, 4.0, 0.5, 0.0, 3.8, 0.1, 0.4, 0.0, 0.0, 0.0, 0.0, 0.0, 0.0, 0.0, 0.0, 0.0, 0.0, '2025-09-12 00:37:31.029002', '2025-09-12 00:37:31.029002', 1.0),
  (22, 'hakket gris og kalv 4-7 %', 'kød', NULL, 0, NULL, 135.0, 21.0, 0.0, 5.5, 0.0, 0.0, 2.0, 3.5, 0.0, 0.0, 0.0, 0.0, 0.0, 0.0, 0.0, 0.0, 0.0, 0.0, '2025-09-12 00:37:31.030001', '2025-09-12 00:37:31.030001', 1.0),
  (23, 'yuanyu bønner m. ingefær', 'konserves', NULL, 0, NULL, 242.0, 27.0, 17.0, 6.2, 0.0, 2.2, 1.1, 5.1, 0.0, 0.0, 0.0, 0.0, 0.0, 0.0, 0.0, 0.0, 0.0, 0.0, '2025-09-12 00:37:31.032001', '2025-09-12 00:37:31.032001', 1.0),
  (24, 'torskeloins', 'kød', NULL, 0, NULL, 75.0, 18.0, 0.0, 0.6, 0.0, 0.0, 0.0, 0.6, 0.0, 0.0, 0.0, 0.0, 0.0, 0.0, 0.0, 0.0, 0.0, 0.0, '2025-09-12 00:37:31.033002', '2025-09-12 00:37:31.033002', 1.0),
  (25, 'kokosmælk xtra', 'condiments', NULL, 0, NULL, 160.0, 1.1, 5.2, 15.0, 0.0, 0.6, 12.0, 3.0, 0.0, 0.0, 0.0, 0.0, 0.0, 0.0, 0.0, 0.0, 0.0, 0.0, '2025-09-12 00:37:31.035002', '2025-09-12 00:37:31.035002', 1.0),
  (26, 'penne fuldkorn øgo', 'ris og pasta', NULL, 0, NULL, 345.0, 12.0, 66.0, 2.0, 7.4, 2.7, 0.4, 1.6, 0.0, 0.0, 0.0, 0.0, 0.0, 0.0, 0.0, 0.0, 0.0, 0.0, '2025-09-12 00:37:31.036002', '2025-09-12 00:37:31.036002', 1.0),
  (27, 'kikærter', 'konserves', NULL, 0, NULL, 115.0, 6.9, 15.0, 2.1, 4.6, 0.5, 0.3, 1.8, 0.0, 0.0, 0.0, 0.0, 0.0, 0.0, 0.0, 0.0, 0.0, 0.0, '2025-09-12 00:37:31.037006', '2025-09-12 00:37:31.037006', 1.0),
  (28, 'løg', 'grønt', NULL, 0, NULL, 43.0, 1.2, 8.4, 0.1, 1.9, 0.0, 0.0, 0.1, 0.0, 0.0, 0.0, 0.0, 0.0, 0.0, 0.0, 0.0, 0.0, 0.0, '2025-09-12 00:37:31.038004', '2025-09-12 00:37:31.038004', 1.0),
  (29, 'soja bønner', 'frost', NULL, 0, NULL, 130.0, 11.0, 2.8, 7.2, 5.0, 2.5, 1.0, 6.2, 0.0, 0.0, 0.0, 0.0, 0.0, 0.0, 0.0, 0.0, 0.0, 0.0, '2025-09-12 00:37:31.039004', '2025-09-12 00:37:31.039004', 1.0),
  (30, 'salatmix', 'grønt', NULL, 0, NULL, 43.0, 1.8, 4.2, 0.0, 0.0, 1.4, 0.0, 0.0, 0.0, 0.0, 0.0, 0.0, 0.0, 0.0, 0.0, 0.0, 0.0, 0.0, '2025-09-12 00:37:31.040005', '2025-09-12 00:37:31.040005', 1.0),
  (31, 'syltede græskar samsø', 'konserves', NULL, 0, NULL, 97.0, 0.0, 23.0, 0.0, 0.0, 22.0, 0.0, 0.0, 0.0, 0.0, 0.0, 0.0, 0.0, 0.0, 0.0, 0.0, 0.0, 0.0, '2025-09-12 00:37:31.041005', '2025-09-12 00:37:31.041005', 1.0),
  (32, 'fiskefrikadelle', 'pålæg', NULL, 0, NULL, 230.0, 16.0, 10.0, 14.0, 0.0, 1.5, 1.6, 12.4, 0.0, 0.0, 0.0, 0.0, 0.0, 0.0, 0.0, 0.0, 0.0, 0.0, '2025-09-12 00:37:31.041005', '2025-09-12 00:37:31.041005', 1.0),
  (33, 'nakkefilet', 'kød', NULL, 0, NULL, 184.0, 18.0, 0.0, 12.0, 0.0, 0.0, 4.5, 7.5, 0.0, 0.0, 0.0, 0.0, 0.0, 0.0, 0.0, 0.0, 0.0, 0.0, '2025-09-12 00:37:31.042005', '2025-09-12 00:37:31.042005', 1.0),
  (34, 'coop - kogt skinke', 'pålæg', NULL, 0, NULL, 111.0, 19.0, 2.0, 3.0, 0.0, 1.5, 1.3, 1.7, 0.0, 0.0, 0.0, 0.0, 0.0, 0.0, 0.0, 0.0, 0.0, 0.0, '2025-09-12 00:37:31.043005', '2025-09-12 00:37:31.043005', 1.0),
  (35, 'egelykke - skyr jordbær', 'mejeri', NULL, 0, NULL, 67.0, 8.7, 7.3, 0.2, 0.0, 6.6, 0.1, 0.1, 0.0, 0.0, 0.0, 0.0, 0.0, 0.0, 0.0, 0.0, 0.0, 0.0, '2025-09-12 00:37:31.044005', '2025-09-12 00:37:31.044005', 1.0),
  (36, 'yoghurt naturel, letmælk', 'mejeri', NULL, 0, NULL, 48.0, 4.2, 3.7, 1.5, 0.0, 3.7, 0.9, 0.6, 0.0, 0.0, 0.0, 0.0, 0.0, 0.0, 0.0, 0.0, 0.0, 0.0, '2025-09-12 00:37:31.045005', '2025-09-12 00:37:31.045005', 1.0),
  (37, 'peberskinke coop', 'pålæg', NULL, 0, NULL, 111.0, 20.0, 1.0, 3.0, 0.0, 0.9, 1.2, 1.8, 0.0, 0.0, 0.0, 0.0, 0.0, 0.0, 0.0, 0.0, 0.0, 0.0, '2025-09-12 00:37:31.045005', '2025-09-12 00:37:31.045005', 1.0),
  (38, 'multikerne sandwich', 'brød', NULL, 0, NULL, 218.0, 9.0, 37.0, 1.9, 8.4, 4.9, 0.7, 1.2, 0.0, 0.0, 0.0, 0.0, 0.0, 0.0, 0.0, 0.0, 0.0, 0.0, '2025-09-12 00:37:31.046005', '2025-09-12 00:37:31.046005', 1.0),
  (39, 'hamburgerryg - 365 hverdag', 'pålæg', NULL, 0, NULL, 97.0, 17.0, 0.6, 3.0, 0.0, 0.6, 1.0, 2.0, 0.0, 0.0, 0.0, 0.0, 0.0, 0.0, 0.0, 0.0, 0.0, 0.0, '2025-09-12 00:37:31.047004', '2025-09-12 00:37:31.047004', 1.0),
  (40, 'kylling bryst hjemmelavet', 'pålæg', NULL, 0, NULL, 110.0, 21.96, 0.0, 2.4, 0.0, 0.0, 0.33, 2.07, 0.0, 81.2, 0.0, 0.0, 0.0, 0.0, 0.0, 0.0, 0.0, 0.0, '2025-09-12 00:37:31.048005', '2025-09-12 00:37:31.048005', 1.0),
  (41, 'burger dressing - chestford', 'condiments', NULL, 0, NULL, 253.0, 1.1, 16.0, 20.0, 0.0, 13.0, 1.5, 18.5, 0.0, 0.0, 0.0, 0.0, 0.0, 0.0, 0.0, 0.0, 0.0, 0.0, '2025-09-12 00:37:31.048005', '2025-09-12 00:37:31.048005', 1.0),
  (42, 'kippers coop', 'konserves', NULL, 0, NULL, 292.0, 19.0, 0.0, 24.0, 0.0, 0.0, 4.2, 19.8, 0.0, 0.0, 0.0, 0.0, 0.0, 0.0, 0.0, 0.0, 0.0, 0.0, '2025-09-12 00:37:31.049005', '2025-09-12 00:37:31.049005', 1.0),
  (43, 'toast ost', 'mejeri', NULL, 0, NULL, 293.0, 11.0, 7.5, 24.0, 0.0, 5.1, 12.0, 12.0, 0.0, 0.0, 0.0, 0.0, 0.0, 0.0, 0.0, 0.0, 0.0, 0.0, '2025-09-12 00:37:31.050004', '2025-09-12 00:37:31.050004', 1.0),
  (44, 'ost egelykke samsø 16%', 'mejeri', NULL, 0, NULL, 252.0, 27.0, 0.0, 16.0, 0.0, 0.0, 9.9, 6.1, 0.0, 0.0, 0.0, 0.0, 0.0, 0.0, 0.0, 0.0, 0.0, 0.0, '2025-09-12 00:37:31.050004', '2025-09-12 00:37:31.050004', 1.0),
  (45, 'spaghetti fuldkorn øgo', 'ris og pasta', NULL, 0, NULL, 343.0, 13.0, 65.0, 1.9, 7.0, 0.0, 0.6, 1.2999999999999998, 0.0, 0.0, 0.0, 0.0, 0.0, 0.0, 0.0, 0.0, 0.0, 0.0, '2025-09-12 00:37:31.051005', '2025-09-12 00:37:31.051005', 1.0),
  (46, 'rødbede', 'grønt', NULL, 0, NULL, 52.0, 1.7, 9.6, 0.3, 2.3, 9.88, 0.048, 0.252, 0.0, 0.0, 0.0, 0.0, 0.0, 0.0, 0.0, 0.0, 0.0, 0.0, '2025-09-12 00:37:31.052005', '2025-09-12 00:37:31.052005', 1.0),
  (47, 'burgerboller salling', 'brød', NULL, 0, NULL, 293.0, 9.4, 49.0, 5.6, 0.0, 5.7, 1.8, 3.8, 0.0, 0.0, 0.0, 0.0, 0.0, 0.0, 0.0, 0.0, 0.0, 0.0, '2025-09-12 00:37:31.053004', '2025-09-12 00:37:31.053004', 1.0),
  (48, 'solsikke rugbrød coop', 'brød', NULL, 0, NULL, 222.0, 6.8, 36.0, 3.8, 8.3, 2.5, 0.4, 3.4, 0.0, 0.0, 0.0, 0.0, 0.0, 0.0, 0.0, 0.0, 0.0, 0.0, '2025-09-12 00:37:31.054005', '2025-09-12 00:37:31.054005', 1.0),
  (49, 'riskiks med kokos', 'snacks', NULL, 0, NULL, 503.0, 5.0, 73.0, 21.0, 0.0, 12.0, 9.7, 11.3, 0.0, 0.0, 0.0, 0.0, 0.0, 0.0, 0.0, 0.0, 0.0, 0.0, '2025-09-12 00:37:31.055005', '2025-09-12 00:37:31.055005', 1.0),
  (50, 'kylling cafe ra', 'kød', NULL, 0, NULL, 121.0, 24.0, 2.1, 2.1, 0.0, 0.0, 0.5, 1.6, 0.0, 0.0, 0.0, 0.0, 0.0, 0.0, 0.0, 0.0, 0.0, 0.0, '2025-09-12 00:37:31.056006', '2025-09-12 00:37:31.056006', 1.0),
  (51, 'skinke tyndskåret coop', 'pålæg', NULL, 0, NULL, 96.0, 17.0, 2.7, 1.9, 0.0, 0.9, 0.8, 1.0999999999999999, 0.0, 0.0, 0.0, 0.0, 0.0, 0.0, 0.0, 0.0, 0.0, 0.0, '2025-09-12 00:37:31.056006', '2025-09-12 00:37:31.056006', 1.0),
  (52, 'hakket kylling 3-6%', 'kød', NULL, 23, 1758820995, 126.0, 21.0, 0.0, 4.7, 0.0, 0.0, 1.3, 3.4000000000000004, 0.0, 0.0, 0.0, 0.0, 0.0, 0.0, 0.0, 0.0, 0.0, 0.0, '2025-09-12 00:37:31.057005', '2025-09-12 00:37:31.057005', 0.8),
  (53, 'taffel chips', 'snacks', NULL, 0, NULL, 525.0, 5.7, 51.0, 33.0, 0.0, 1.0, 2.4, 30.6, 0.0, 0.0, 0.0, 0.0, 0.0, 0.0, 0.0, 0.0, 0.0, 0.0, '2025-09-12 00:37:31.058005', '2025-09-12 00:37:31.058005', 1.0),
  (54, 'kamsteg hjemmelavet', 'pålæg', NULL, 0, NULL, 132.0, 22.0, 0.0, 4.0, 0.0, 0.0, 1.5, 2.5, 0.0, 0.0, 0.0, 0.0, 0.0, 0.0, 0.0, 0.0, 0.0, 0.0, '2025-09-12 00:37:31.059005', '2025-09-12 00:37:31.059005', 1.0),
  (55, 'barebells milkshake', 'snacks', NULL, 0, NULL, 57.0, 7.3, 3.7, 1.3, 0.0, 3.5, 0.9, 0.4, 0.0, 0.0, 0.0, 0.0, 0.0, 0.0, 0.0, 0.0, 0.0, 0.0, '2025-09-12 00:37:31.059005', '2025-09-12 00:37:31.059005', 1.0),
  (56, 'bøf cafe Ra', 'kød', NULL, 0, NULL, 301.0, 19.2, 3.2, 23.1, 1.8, 1.8, 10.2, 12.900000000000002, 0.0, 0.0, 0.0, 0.0, 0.0, 0.0, 0.0, 0.0, 0.0, 0.0, '2025-09-12 00:37:31.060005', '2025-09-12 00:37:31.060005', 1.0),
  (57, 'hvede stykker med kartoffel', 'brød', NULL, 0, NULL, 246.0, 8.1, 46.0, 2.5, 3.3, 2.0, 0.4, 2.1, 0.0, 0.0, 0.0, 0.0, 0.0, 0.0, 0.0, 0.0, 0.0, 0.0, '2025-09-12 00:37:31.061005', '2025-09-12 00:37:31.061005', 1.0),
  (58, 'elefant øl', 'vin og øl', NULL, 0, NULL, 58.0, 0.7, 4.3, 0.0, 0.0, 0.0, 0.0, 0.0, 0.0, 0.0, 0.0, 0.0, 0.0, 0.0, 0.0, 0.0, 0.0, 0.0, '2025-09-12 00:37:31.062005', '2025-09-12 00:37:31.062005', 1.0),
  (59, 'Jacobsen Donker winter ale', 'vin og øl', NULL, 0, NULL, 81.0, 0.8, 7.2, 0.0, 0.0, 0.1, 0.0, 0.0, 0.0, 0.0, 0.0, 0.0, 0.0, 0.0, 0.0, 0.0, 0.0, 0.0, '2025-09-12 00:37:31.062005', '2025-09-12 00:37:31.062005', 1.0),
  (60, 'peberfrugt, rød', 'grønt', NULL, 0, NULL, 30.0, 1.3, 6.3, 0.4, 0.0, 0.0, 0.0, 0.4, 0.0, 0.0, 0.0, 0.0, 0.0, 0.0, 0.0, 0.0, 0.0, 0.0, '2025-09-12 00:37:31.063005', '2025-09-12 00:37:31.063005', 1.0),
  (61, 'makrel i tomat sæby', 'konserves', NULL, 0, NULL, 157.0, 14.0, 2.8, 10.0, 0.0, 1.9, 2.2, 7.8, 0.0, 0.0, 0.0, 0.0, 0.0, 0.0, 0.0, 0.0, 0.0, 0.0, '2025-09-12 00:37:31.064004', '2025-09-12 00:37:31.064004', 1.0),
  (62, 'kerne rugbrød Salling', 'brød', NULL, 0, NULL, 194.0, 5.7, 36.0, 0.8, 8.3, 1.9, 0.2, 0.6000000000000001, 0.0, 0.0, 0.0, 0.0, 0.0, 0.0, 0.0, 0.0, 0.0, 0.0, '2025-09-12 00:37:31.065004', '2025-09-12 00:37:31.065004', 1.0),
  (63, 'syltede rødløg z', 'konserves', NULL, 0, NULL, 142.0, 0.5, 33.0, 0.0, 0.0, 32.0, 0.0, 0.0, 0.0, 0.0, 0.0, 0.0, 0.0, 0.0, 0.0, 0.0, 0.0, 0.0, '2025-09-12 00:37:31.065004', '2025-09-12 00:37:31.065004', 1.0),
  (64, 'roastbeef Danish Crown', 'pålæg', NULL, 0, NULL, 136.0, 24.0, 2.1, 3.5, 0.0, 0.9, 1.5, 2.0, 0.0, 0.0, 0.0, 0.0, 0.0, 0.0, 0.0, 0.0, 0.0, 0.0, '2025-09-12 00:37:31.066005', '2025-09-12 00:37:31.066005', 1.0),
  (65, 'coca cola', 'slik og kager', NULL, 0, NULL, 42.0, 0.0, 10.6, 0.0, 0.0, 0.0, 0.0, 0.0, 0.0, 0.0, 0.0, 0.0, 0.0, 0.0, 0.0, 0.0, 0.0, 0.0, '2025-09-12 00:37:31.067004', '2025-09-12 00:37:31.067004', 1.0),
  (66, 'hakket svinekød 14-18%', 'kød', NULL, 0, NULL, 219.0, 18.0, 0.5, 16.0, 0.0, 0.0, 5.9, 10.1, 0.0, 0.0, 0.0, 0.0, 0.0, 0.0, 0.0, 0.0, 0.0, 0.0, '2025-09-12 00:37:31.068005', '2025-09-12 00:37:31.068005', 1.0),
  (67, 'chokolade fyldt', 'slik og kager', NULL, 0, NULL, 463.0, 9.0, 63.0, 19.3, 0.0, 54.0, 9.7, 9.600000000000001, 0.0, 0.0, 0.0, 0.0, 0.0, 0.0, 0.0, 0.0, 0.0, 0.0, '2025-09-12 00:37:31.070001', '2025-09-12 00:37:31.070001', 1.0),
  (68, 'rullepølse egelykke', 'pålæg', NULL, 0, NULL, 252.0, 18.0, 0.0, 20.0, 0.0, 0.0, 7.6, 12.4, 0.0, 0.0, 0.0, 0.0, 0.0, 0.0, 0.0, 0.0, 0.0, 0.0, '2025-09-12 00:37:31.071002', '2025-09-12 00:37:31.071002', 1.0),
  (69, 'røget filet', 'pålæg', NULL, 0, NULL, 104.0, 19.0, 1.4, 2.5, 0.0, 1.4, 1.0, 1.5, 0.0, 0.0, 0.0, 0.0, 0.0, 0.0, 0.0, 0.0, 0.0, 0.0, '2025-09-12 00:37:31.073003', '2025-09-12 00:37:31.073003', 1.0),
  (70, 'Nordic 0', 'vin og øl', NULL, 0, NULL, 19.0, 0.0, 4.2, 0.0, 0.0, 0.0, 0.0, 0.0, 0.0, 0.0, 0.0, 0.0, 0.0, 0.0, 0.0, 0.0, 0.0, 0.0, '2025-09-12 00:37:31.074001', '2025-09-12 00:37:31.074001', 1.0),
  (71, 'pølsebrød', 'brød', NULL, 0, NULL, 252.0, 8.7, 43.9, 3.8, 3.6, 0.0, 0.0, 3.8, 0.0, 0.0, 0.0, 0.0, 0.0, 0.0, 0.0, 0.0, 0.0, 0.0, '2025-09-12 00:37:31.075000', '2025-09-12 00:37:31.075000', 1.0),
  (72, 'hakket svinekød 8-12 %', 'kød', NULL, 0, NULL, 167.0, 20.0, 0.5, 10.0, 0.0, 0.0, 3.5, 6.5, 0.0, 0.0, 0.0, 0.0, 0.0, 0.0, 0.0, 0.0, 0.0, 0.0, '2025-09-12 00:37:31.075000', '2025-09-12 00:37:31.075000', 1.0),
  (73, 'hakket gris og kalv 8-12%', 'kød', NULL, 0, NULL, 168.0, 20.0, 0.0, 10.0, 0.0, 0.0, 3.9, 6.1, 0.0, 0.0, 0.0, 0.0, 0.0, 0.0, 0.0, 0.0, 0.0, 0.0, '2025-09-12 00:37:31.076000', '2025-09-12 00:37:31.076000', 1.0),
  (74, 'grill pølse - pølseriet', 'kød', NULL, 0, NULL, 262.0, 14.0, 2.1, 22.0, 0.0, 0.6, 8.8, 13.2, 0.0, 0.0, 0.0, 0.0, 0.0, 0.0, 0.0, 0.0, 0.0, 0.0, '2025-09-12 00:37:31.077001', '2025-09-12 00:37:31.077001', 1.0),
  (75, 'A38 - 1,5 %', 'mejeri', NULL, 1, 1758514165, 46.0, 3.8, 3.6, 1.5, 0.0, 3.6, 1.0, 0.5, 0.0, 0.0, 0.0, 0.0, 0.0, 0.0, 0.0, 0.0, 0.0, 0.0, '2025-09-12 00:37:31.078000', '2025-09-12 00:37:31.078000', 0.2),
  (76, 'ost samsø 28%', 'mejeri', NULL, 0, NULL, 359.0, 27.0, 1.6, 28.0, 0.0, 0.0, 18.0, 10.0, 0.0, 0.0, 0.0, 0.0, 0.0, 0.0, 0.0, 0.0, 0.0, 0.0, '2025-09-12 00:37:31.078000', '2025-09-12 00:37:31.078000', 1.0),
  (77, 'hjerte salat', 'grønt', NULL, 0, NULL, 19.0, 1.1, 2.6, 0.2, 1.1, 0.0, 0.0, 0.2, 0.0, 0.0, 0.0, 0.0, 0.0, 0.0, 0.0, 0.0, 0.0, 0.0, '2025-09-12 00:37:31.079000', '2025-09-12 00:37:31.079000', 1.0),
  (78, 'kyllinge leverpostej hanegal', 'pålæg', NULL, 0, NULL, 173.0, 11.0, 11.0, 9.7, 0.0, 1.9, 2.6, 7.1, 0.0, 0.0, 0.0, 0.0, 0.0, 0.0, 0.0, 0.0, 0.0, 0.0, '2025-09-12 00:37:31.080000', '2025-09-12 00:37:31.080000', 1.0),
  (79, 'sommerbær', 'frugt', NULL, 0, NULL, 50.0, 0.7, 7.6, 0.0, 0.0, 6.3, 0.0, 0.0, 0.0, 0.0, 0.0, 0.0, 0.0, 0.0, 0.0, 0.0, 0.0, 0.0, '2025-09-12 00:37:31.081000', '2025-09-12 00:37:31.081000', 1.0),
  (80, 'rugmel', 'korn og gryn', NULL, 0, NULL, 333.0, 8.7, 61.8, 2.3, 14.8, 2.32, 0.296, 2.004, 0.0, 0.0, 0.0, 0.0, 0.0, 0.0, 0.0, 0.0, 0.0, 0.0, '2025-09-12 00:37:31.082000', '2025-09-12 00:37:31.082000', 1.0),
  (81, 'hvedemel', 'korn og gryn', NULL, 0, NULL, 340.0, 11.0, 68.0, 1.5, 3.5, 0.5, 0.2, 1.3, 0.0, 0.0, 0.0, 0.0, 0.0, 0.0, 0.0, 0.0, 0.0, 0.0, '2025-09-12 00:37:31.082000', '2025-09-12 00:37:31.082000', 1.0),
  (82, 'hørfrø', 'korn og gryn', NULL, 0, NULL, 525.0, 25.0, 36.4, 31.0, 0.0, 0.0, 2.855, 28.145, 0.0, 0.0, 0.0, 0.0, 0.0, 0.0, 0.0, 0.0, 0.0, 0.0, '2025-09-12 00:37:31.084004', '2025-09-12 00:37:31.084004', 1.0),
  (83, 'kokosmælk light', 'konserves', NULL, 0, NULL, 87.0, 1.1, 1.7, 8.4, 0.0, 1.4, 7.5, 0.9000000000000004, 0.0, 0.0, 0.0, 0.0, 0.0, 0.0, 0.0, 0.0, 0.0, 0.0, '2025-09-12 00:37:31.085004', '2025-09-12 00:37:31.085004', 1.0),
  (84, 'birkes', 'korn og gryn', NULL, 0, NULL, 549.0, 18.0, 13.7, 44.7, 10.0, 0.0, 4.787, 39.913000000000004, 0.0, 0.0, 0.0, 0.0, 0.0, 0.0, 0.0, 0.0, 0.0, 0.0, '2025-09-12 00:37:31.085004', '2025-09-12 00:37:31.085004', 1.0),
  (85, 'jordbær', 'frugt', NULL, 0, NULL, 35.0, 0.5, 5.5, 0.4, 1.6, 5.3, 0.0, 0.4, 0.0, 0.0, 0.0, 0.0, 0.0, 0.0, 0.0, 0.0, 0.0, 0.0, '2025-09-12 00:37:31.086005', '2025-09-12 00:37:31.086005', 1.0),
  (86, 'pickled mustard green', 'konserves', NULL, 0, NULL, 33.0, 1.3, 8.2, 0.0, 0.0, 5.1, 0.0, 0.0, 0.0, 0.0, 0.0, 0.0, 0.0, 0.0, 0.0, 0.0, 0.0, 0.0, '2025-09-12 00:37:31.087004', '2025-09-12 00:37:31.087004', 1.0),
  (87, 'brombær', 'frugt', NULL, 0, NULL, 43.0, 1.3, 6.0, 0.6, 4.0, 5.0, 0.0, 0.6, 0.0, 0.0, 0.0, 0.0, 0.0, 0.0, 0.0, 0.0, 0.0, 0.0, '2025-09-12 00:37:31.088005', '2025-09-12 00:37:31.088005', 1.0),
  (88, 'solbær', 'frugt', NULL, 0, NULL, 49.0, 1.3, 7.1, 0.0, 7.8, 7.1, 0.0, 0.0, 0.0, 0.0, 0.0, 0.0, 0.0, 0.0, 0.0, 0.0, 0.0, 0.0, '2025-09-12 00:37:31.089006', '2025-09-12 00:37:31.089006', 1.0),
  (89, 'frankfurter - gourmet pølser', 'kød', NULL, 0, NULL, 250.0, 15.0, 0.5, 21.0, 0.0, 0.5, 8.2, 12.8, 0.0, 0.0, 0.0, 0.0, 0.0, 0.0, 0.0, 0.0, 0.0, 0.0, '2025-09-12 00:37:31.089006', '2025-09-12 00:37:31.089006', 1.0),
  (90, 'laks koldrøget', 'pålæg', NULL, 0, NULL, 161.0, 24.0, 0.0, 8.4, 0.0, 0.0, 1.6, 6.800000000000001, 0.0, 0.0, 0.0, 0.0, 0.0, 0.0, 0.0, 0.0, 0.0, 0.0, '2025-09-12 00:37:31.090006', '2025-09-12 00:37:31.090006', 1.0),
  (91, 'kylling overlår', 'kød', NULL, 0, NULL, 221.0, 17.0, 0.0, 17.0, 0.0, 0.0, 0.0, 17.0, 0.0, 0.0, 0.0, 0.0, 0.0, 0.0, 0.0, 0.0, 0.0, 0.0, '2025-09-12 00:37:31.091004', '2025-09-12 00:37:31.091004', 1.0),
  (92, 'jamón serrano', 'pålæg', NULL, 0, NULL, 221.0, 28.0, 0.2, 12.0, 0.0, 0.0, 4.8, 7.2, 0.0, 0.0, 0.0, 0.0, 0.0, 0.0, 0.0, 0.0, 0.0, 0.0, '2025-09-12 00:37:31.092005', '2025-09-12 00:37:31.092005', 1.0),
  (93, 'hveder', 'bagværk', NULL, 0, NULL, 162.0, 4.5, 21.0, 6.4, 1.1, 1.7, 3.0, 3.4000000000000004, 0.0, 0.0, 0.0, 0.0, 0.0, 0.0, 0.0, 0.0, 0.0, 0.0, '2025-09-12 00:37:31.092005', '2025-09-12 00:37:31.092005', 1.0),
  (94, 'gammeldags spegepølse', 'pålæg', NULL, 0, NULL, 449.0, 15.0, 0.0, 42.0, 0.0, 0.0, 16.0, 26.0, 0.0, 0.0, 0.0, 0.0, 0.0, 0.0, 0.0, 0.0, 0.0, 0.0, '2025-09-12 00:37:31.093005', '2025-09-12 00:37:31.093005', 1.0),
  (95, 'vindruer', 'frugt', NULL, 0, NULL, 67.0, 0.6, 15.7, 0.0, 0.9, 15.3, 0.0, 0.0, 0.0, 0.0, 0.0, 0.0, 0.0, 0.0, 0.0, 0.0, 0.0, 0.0, '2025-09-12 00:37:31.094005', '2025-09-12 00:37:31.094005', 1.0),
  (96, 'peanuts', 'snacks', NULL, 0, NULL, 632.0, 24.6, 9.5, 53.3, 7.7, 3.1, 9.781, 43.519, 0.0, 0.0, 0.0, 0.0, 0.0, 0.0, 0.0, 0.0, 0.0, 0.0, '2025-09-12 00:37:31.095005', '2025-09-12 00:37:31.095005', 1.0),
  (97, 'hindbær smoothie is', 'slik og kager', NULL, 0, NULL, 128.0, 0.0, 31.0, 0.0, 0.0, 26.0, 0.0, 0.0, 0.0, 0.0, 0.0, 0.0, 0.0, 0.0, 0.0, 0.0, 0.0, 0.0, '2025-09-12 00:37:31.095005', '2025-09-12 00:37:31.095005', 1.0),
  (98, 'lyst sandwich brød', 'brød', NULL, 0, NULL, 243.0, 7.5, 47.0, 2.1, 2.9, 4.9, 0.5, 1.6, 0.0, 0.0, 0.0, 0.0, 0.0, 0.0, 0.0, 0.0, 0.0, 0.0, '2025-09-12 00:37:31.096005', '2025-09-12 00:37:31.096005', 1.0),
  (99, 'risnudler', 'ris og pasta', NULL, 0, NULL, 365.0, 7.7, 79.7, 1.0, 0.0, 0.0, 0.9, 0.09999999999999998, 0.0, 0.0, 0.0, 0.0, 0.0, 0.0, 0.0, 0.0, 0.0, 0.0, '2025-09-12 00:37:31.097005', '2025-09-12 00:37:31.097005', 1.0),
  (100, 'nektarin', 'frugt', NULL, 0, NULL, 42.0, 0.0, 0.0, 0.0, 0.0, 0.0, 0.0, 0.0, 0.0, 0.0, 0.0, 0.0, 0.0, 0.0, 0.0, 0.0, 0.0, 0.0, '2025-09-12 00:37:31.098005', '2025-09-12 00:37:31.098005', 1.0),
  (101, 'croissant', 'brød', NULL, 0, NULL, 420.0, 7.7, 41.8, 24.1, 2.3, 0.0, 7.996, 16.104, 0.0, 0.0, 0.0, 0.0, 0.0, 0.0, 0.0, 0.0, 0.0, 0.0, '2025-09-12 00:37:31.099001', '2025-09-12 00:37:31.099001', 1.0),
  (102, 'pad thai paste', 'condiments', NULL, 0, NULL, 213.0, 1.5, 44.0, 3.4, 0.0, 40.0, 0.0, 3.4, 0.0, 0.0, 0.0, 0.0, 0.0, 0.0, 0.0, 0.0, 0.0, 0.0, '2025-09-12 00:37:31.101000', '2025-09-12 00:37:31.101000', 1.0),
  (103, 'hindbær', 'frugt', NULL, 0, NULL, 53.0, 1.4, 6.7, 1.3, 0.0, 6.5, 0.1, 1.2, 0.0, 0.0, 0.0, 0.0, 0.0, 0.0, 0.0, 0.0, 0.0, 0.0, '2025-09-12 00:37:31.102000', '2025-09-12 00:37:31.102000', 1.0),
  (104, 'rullepølse coop', 'pålæg', NULL, 0, NULL, 238.0, 16.0, 0.8, 19.0, 0.0, 0.8, 6.5, 12.5, 0.0, 0.0, 0.0, 0.0, 0.0, 0.0, 0.0, 0.0, 0.0, 0.0, '2025-09-12 00:37:31.102000', '2025-09-12 00:37:31.102000', 1.0),
  (105, 'leverpostej xtra coop', 'pålæg', NULL, 0, NULL, 217.0, 10.0, 7.5, 16.0, 0.0, 1.5, 6.5, 9.5, 0.0, 0.0, 0.0, 0.0, 0.0, 0.0, 0.0, 0.0, 0.0, 0.0, '2025-09-12 00:37:31.103001', '2025-09-12 00:37:31.103001', 1.0),
  (106, 'crispy chilli oil peanut', 'condiments', NULL, 0, NULL, 628.0, 7.4, 28.2, 53.0, 0.0, 1.2, 5.0, 48.0, 0.0, 0.0, 0.0, 0.0, 0.0, 0.0, 0.0, 0.0, 0.0, 0.0, '2025-09-12 00:37:31.104000', '2025-09-12 00:37:31.104000', 1.0),
  (107, 'cheasy yoghurt skovbær', 'mejeri', NULL, 0, NULL, 37.0, 4.2, 4.3, 0.1, 0.0, 4.2, 0.1, 0.0, 0.0, 0.0, 0.0, 0.0, 0.0, 0.0, 0.0, 0.0, 0.0, 0.0, '2025-09-12 00:37:31.104000', '2025-09-12 00:37:31.104000', 1.0),
  (108, 'karry pasta grøn coop', 'condiments', NULL, 0, NULL, 72.0, 2.7, 11.0, 1.0, 0.0, 1.8, 0.0, 1.0, 0.0, 0.0, 0.0, 0.0, 0.0, 0.0, 0.0, 0.0, 0.0, 0.0, '2025-09-12 00:37:31.105001', '2025-09-12 00:37:31.105001', 1.0),
  (109, 'hjemmebagt boller', 'bagværk', NULL, 0, NULL, 278.0, 8.7, 41.1, 7.5, 3.6, 0.4, 1.0, 6.5, 0.0, 0.0, 0.0, 0.0, 0.0, 0.0, 0.0, 0.0, 0.0, 0.0, '2025-09-12 00:37:31.106001', '2025-09-12 00:37:31.106001', 1.0),
  (110, 'muesli - rosiner og æbler - bell''s', 'korn og gryn', NULL, 0, NULL, 362.0, 10.0, 67.0, 3.6, 10.0, 26.0, 0.5, 3.1, 0.0, 0.0, 0.0, 0.0, 0.0, 0.0, 0.0, 0.0, 0.0, 0.0, '2025-09-12 00:37:31.107000', '2025-09-12 00:37:31.107000', 1.0),
  (111, 'iceberg salat', 'grønt', NULL, 0, NULL, 16.0, 0.0, 0.0, 0.0, 0.0, 0.0, 0.0, 0.0, 0.0, 0.0, 0.0, 0.0, 0.0, 0.0, 0.0, 0.0, 0.0, 0.0, '2025-09-12 00:37:31.107000', '2025-09-12 00:37:31.107000', 1.0),
  (112, 'remoulade K klassisk', 'condiments', NULL, 0, NULL, 373.0, 1.0, 12.0, 35.0, 0.0, 11.0, 2.7, 32.3, 0.0, 0.0, 0.0, 0.0, 0.0, 0.0, 0.0, 0.0, 0.0, 0.0, '2025-09-12 00:37:31.108000', '2025-09-12 00:37:31.108000', 1.0),
  (113, 'parmesan ost revet', 'mejeri', NULL, 0, NULL, 398.0, 33.0, 0.0, 29.0, 0.0, 0.0, 18.0, 11.0, 0.0, 0.0, 0.0, 0.0, 0.0, 0.0, 0.0, 0.0, 0.0, 0.0, '2025-09-12 00:37:31.109000', '2025-09-12 00:37:31.109000', 1.0),
  (114, 'papaya', 'frugt', NULL, 0, NULL, 47.0, 0.7, 9.4, 0.3, 2.1, 7.44, 0.081, 0.21899999999999997, 0.0, 0.0, 0.0, 0.0, 0.0, 0.0, 0.0, 0.0, 0.0, 0.0, '2025-09-12 00:37:31.110000', '2025-09-12 00:37:31.110000', 1.0),
  (115, 'pasta penne', 'ris og pasta', NULL, 0, NULL, 361.0, 14.0, 71.0, 1.5, 0.0, 2.2, 0.3, 1.2, 0.0, 0.0, 0.0, 0.0, 0.0, 0.0, 0.0, 0.0, 0.0, 0.0, '2025-09-12 00:37:31.110000', '2025-09-12 00:37:31.110000', 1.0),
  (116, 'fuldkorn krydderbolle', 'brød', NULL, 0, NULL, 252.0, 8.1, 45.0, 2.9, 5.0, 3.8, 0.4, 2.5, 0.0, 0.0, 0.0, 0.0, 0.0, 0.0, 0.0, 0.0, 0.0, 0.0, '2025-09-12 00:37:31.111000', '2025-09-12 00:37:31.111000', 1.0),
  (117, 'mou hønsekødssuppe', 'frost', '', 0, NULL, 22.0, 0.5, 0.5, 2.0, 0.0, 0.5, 0.5, 1.5, 0.0, 0.0, 0.0, 0.0, 0.0, 0.0, 0.0, 0.0, 0.0, 0.0, '2025-09-12 00:37:31.112000', '2025-09-12 00:37:31.112000', 1.0),
  (118, 'hakket oksekød 14-18%', 'kød', NULL, 0, NULL, 227.0, 19.0, 0.0, 16.0, 0.0, 0.0, 6.6, 9.4, 0.0, 0.0, 0.0, 0.0, 0.0, 0.0, 0.0, 0.0, 0.0, 0.0, '2025-09-12 00:37:31.112000', '2025-09-12 00:37:31.112000', 1.0),
  (119, 'skummetmælk', 'mejeri', NULL, 0, NULL, 35.0, 3.6, 4.9, 0.1, 0.0, 4.9, 0.1, 0.0, 0.0, 0.0, 0.0, 0.0, 0.0, 0.0, 0.0, 0.0, 0.0, 0.0, '2025-09-12 00:37:31.113000', '2025-09-12 00:37:31.113000', 1.0),
  (120, 'generisk', 'brød', NULL, 0, NULL, 240.0, 0.0, 0.0, 0.0, 0.0, 0.0, 0.0, 0.0, 0.0, 0.0, 0.0, 0.0, 0.0, 0.0, 0.0, 0.0, 0.0, 0.0, '2025-09-12 00:37:31.115001', '2025-09-12 00:37:31.115001', 1.0),
  (121, 'crunchy muesli - spelt og pomegranate', 'korn og gryn', NULL, 0, NULL, 381.0, 9.5, 67.0, 6.2, 9.3, 10.0, 1.5, 4.7, 0.0, 0.0, 0.0, 0.0, 0.0, 0.0, 0.0, 0.0, 0.0, 0.0, '2025-09-12 00:37:31.116001', '2025-09-12 00:37:31.116001', 1.0),
  (122, 'wasa delicate crackers', 'snacks', NULL, 0, NULL, 425.0, 9.0, 69.0, 12.0, 5.5, 11.0, 1.5, 10.5, 0.0, 0.0, 0.0, 0.0, 0.0, 0.0, 0.0, 0.0, 0.0, 0.0, '2025-09-12 00:37:31.117001', '2025-09-12 00:37:31.117001', 1.0),
  (123, 'ananas', 'frugt', NULL, 0, NULL, 55.0, 0.5, 11.8, 0.4, 1.4, 10.8, 0.0, 0.4, 0.0, 0.0, 0.0, 0.0, 0.0, 0.0, 0.0, 0.0, 0.0, 0.0, '2025-09-12 00:37:31.118001', '2025-09-12 00:37:31.118001', 1.0),
  (124, 'grahams mel', 'korn og gryn', NULL, 0, NULL, 326.0, 11.0, 60.0, 1.8, 13.0, 0.7, 0.3, 1.5, 0.0, 0.0, 0.0, 0.0, 0.0, 0.0, 0.0, 0.0, 0.0, 0.0, '2025-09-12 00:37:31.118001', '2025-09-12 00:37:31.118001', 1.0),
  (125, 'hakket oksekød 8-12%', 'kød', NULL, 0, NULL, 172.0, 20.0, 0.5, 10.0, 0.0, 0.0, 0.0, 10.0, 0.0, 0.0, 0.0, 0.0, 0.0, 0.0, 0.0, 0.0, 0.0, 0.0, '2025-09-12 00:37:31.118998', '2025-09-12 00:37:31.118998', 1.0),
  (126, 'kylling underlår', 'kød', NULL, 0, NULL, 126.0, 18.0, 0.0, 6.0, 0.0, 0.0, 1.6, 4.4, 0.0, 0.0, 0.0, 0.0, 0.0, 0.0, 0.0, 0.0, 0.0, 0.0, '2025-09-12 00:37:31.119997', '2025-09-12 00:37:31.119997', 1.0),
  (127, 'rabarber', 'frugt', NULL, 0, NULL, 12.0, 0.0, 1.4, 0.0, 3.2, 1.1, 0.0, 0.0, 0.0, 0.0, 0.0, 0.0, 0.0, 0.0, 0.0, 0.0, 0.0, 0.0, '2025-09-12 00:37:31.121001', '2025-09-12 00:37:31.121001', 1.0),
  (128, 'valnødder', 'korn og gryn', NULL, 0, NULL, 688.0, 19.0, 15.0, 60.0, 5.9, 3.4, 6.6, 53.4, 0.0, 0.0, 0.0, 0.0, 0.0, 0.0, 0.0, 0.0, 0.0, 0.0, '2025-09-12 00:37:31.122004', '2025-09-12 00:37:31.122004', 1.0),
  (129, 'ost - dansk Elmelund', 'mejeri', NULL, 0, NULL, 316.0, 24.0, 0.0, 25.0, 0.0, 0.0, 16.0, 9.0, 0.0, 0.0, 0.0, 0.0, 0.0, 0.0, 0.0, 0.0, 0.0, 0.0, '2025-09-12 00:37:31.122004', '2025-09-12 00:37:31.122004', 1.0),
  (130, 'spegepølse - salami 5% fedt', 'pålæg', NULL, 0, NULL, 164.0, 28.0, 1.7, 5.0, 0.0, 1.3, 2.1, 2.9, 0.0, 0.0, 0.0, 0.0, 0.0, 0.0, 0.0, 0.0, 0.0, 0.0, '2025-09-12 00:37:31.123000', '2025-09-12 00:37:31.123000', 1.0),
  (131, 'broccoli', 'grønt', NULL, 0, NULL, 35.0, 3.6, 3.1, 0.2, 3.2, 2.07, 0.0, 0.2, 0.0, 0.0, 0.0, 0.0, 0.0, 0.0, 0.0, 0.0, 0.0, 0.0, '2025-09-12 00:37:31.123998', '2025-09-12 00:37:31.123998', 1.0),
  (132, 'smørbar Lurpak', 'mejeri', NULL, 0, NULL, 704.0, 0.6, 0.7, 78.0, 0.0, 0.7, 40.0, 38.0, 0.0, 0.0, 0.0, 0.0, 0.0, 0.0, 0.0, 0.0, 0.0, 0.0, '2025-09-12 00:37:31.124998', '2025-09-12 00:37:31.124998', 1.0),
  (133, 'sambal oelek', 'condiments', NULL, 0, NULL, 43.0, 1.86, 3.0, 1.41, 0.0, 2.7, 0.27, 1.14, 0.0, 0.0, 0.0, 0.0, 0.0, 0.0, 0.0, 0.0, 0.0, 0.0, '2025-09-12 00:37:31.126001', '2025-09-12 00:37:31.126001', 1.0),
  (134, 'spegepølse - krosalami', 'pålæg', NULL, 0, NULL, 368.0, 20.4, 1.5, 31.2, 0.0, 0.2, 11.5, 19.7, 0.0, 0.0, 0.0, 0.0, 0.0, 0.0, 0.0, 0.0, 0.0, 0.0, '2025-09-12 00:37:31.127001', '2025-09-12 00:37:31.127001', 1.0),
  (135, 'culotte', 'kød', NULL, 0, NULL, 160.0, 20.0, 0.0, 9.0, 0.0, 0.0, 3.6, 5.4, 0.0, 0.0, 0.0, 0.0, 0.0, 0.0, 0.0, 0.0, 0.0, 0.0, '2025-09-12 00:37:31.127001', '2025-09-12 00:37:31.127001', 1.0),
  (136, 'kartoffel', 'grønt', NULL, 0, NULL, 86.0, 2.0, 15.9, 0.3, 1.4, 1.24, 0.056, 0.244, 0.0, 0.0, 0.0, 0.0, 0.0, 0.0, 0.0, 0.0, 0.0, 0.0, '2025-09-12 00:37:31.128001', '2025-09-12 00:37:31.128001', 1.0),
  (137, 'digistive coop', 'snacks', NULL, 0, NULL, 493.0, 6.4, 68.0, 21.0, 3.1, 19.0, 10.0, 11.0, 0.0, 0.0, 0.0, 0.0, 0.0, 0.0, 0.0, 0.0, 0.0, 0.0, '2025-09-12 00:37:31.128998', '2025-09-12 00:37:31.128998', 1.0),
  (138, 'sport knækbrød', 'brød', NULL, 0, NULL, 327.0, 9.0, 59.3, 1.5, 20.0, 1.5, 0.4, 1.1, 0.0, 0.0, 0.0, 0.0, 0.0, 0.0, 0.0, 0.0, 0.0, 0.0, '2025-09-12 00:37:31.130003', '2025-09-12 00:37:31.130003', 1.0),
  (139, 'svine mørbrad', 'kød', NULL, 0, NULL, 119.0, 21.0, 0.0, 3.8, 0.0, 0.0, 1.4, 2.4, 0.0, 0.0, 0.0, 0.0, 0.0, 0.0, 0.0, 0.0, 0.0, 0.0, '2025-09-12 00:37:31.132001', '2025-09-12 00:37:31.132001', 1.0),
  (140, 'radise', 'grønt', NULL, 0, NULL, 12.0, 0.8, 1.123, 0.1, 1.3, 1.26, 0.025, 0.07500000000000001, 0.0, 0.0, 0.0, 0.0, 0.0, 0.0, 0.0, 0.0, 0.0, 0.0, '2025-09-12 00:37:31.133000', '2025-09-12 00:37:31.133000', 1.0),
  (141, 'creme fraiche - cheasy', 'mejeri', NULL, 0, NULL, 81.0, 4.8, 3.4, 5.0, 0.0, 3.4, 3.2, 1.7999999999999998, 0.0, 0.0, 0.0, 0.0, 0.0, 0.0, 0.0, 0.0, 0.0, 0.0, '2025-09-12 00:37:31.134000', '2025-09-12 00:37:31.134000', 1.0),
  (142, 'gær', 'mejeri', NULL, 0, NULL, 114.0, 7.7, 13.4, 1.9, 6.2, 0.0, 0.286, 1.6139999999999999, 0.0, 0.0, 0.0, 0.0, 0.0, 0.0, 0.0, 0.0, 0.0, 0.0, '2025-09-12 00:37:31.134000', '2025-09-12 00:37:31.134000', 1.0),
  (143, 'kikærter - garbanzos', 'korn og gryn', NULL, 0, NULL, 362.0, 20.0, 49.0, 6.9, 12.0, 9.5, 0.8, 6.1000000000000005, 0.0, 0.0, 0.0, 0.0, 0.0, 0.0, 0.0, 0.0, 0.0, 0.0, '2025-09-12 00:37:31.135000', '2025-09-12 00:37:31.135000', 1.0),
  (144, 'flæsk', 'kød', NULL, 0, NULL, 314.0, 16.0, 0.0, 28.0, 0.0, 0.0, 10.0, 18.0, 0.0, 0.0, 0.0, 0.0, 0.0, 0.0, 0.0, 0.0, 0.0, 0.0, '2025-09-12 00:37:31.136000', '2025-09-12 00:37:31.136000', 1.0),
  (145, 'chorizo fresco', 'kød', NULL, 0, NULL, 430.0, 19.0, 0.8, 39.0, 0.0, 0.4, 13.0, 26.0, 0.0, 0.0, 0.0, 0.0, 0.0, 0.0, 0.0, 0.0, 0.0, 0.0, '2025-09-12 00:37:31.137000', '2025-09-12 00:37:31.137000', 1.0),
  (146, 'black pepper sauce', 'condiments', NULL, 0, NULL, 128.0, 4.1, 22.0, 2.2, 0.0, 16.0, 0.4, 1.8000000000000003, 0.0, 0.0, 0.0, 0.0, 0.0, 0.0, 0.0, 0.0, 0.0, 0.0, '2025-09-12 00:37:31.137000', '2025-09-12 00:37:31.137000', 1.0),
  (147, 'cashewnødder', 'korn og gryn', NULL, 0, NULL, 603.0, 10.1, 19.7, 69.2, 1.0, 0.0, 0.0, 69.2, 0.0, 0.0, 0.0, 0.0, 0.0, 0.0, 0.0, 0.0, 0.0, 0.0, '2025-09-12 00:37:31.138000', '2025-09-12 00:37:31.138000', 1.0),
  (148, 'tun i vand', 'konserves', NULL, 0, NULL, 117.0, 26.0, 0.0, 1.4, 0.0, 0.0, 0.4, 0.9999999999999999, 0.0, 0.0, 0.0, 0.0, 0.0, 0.0, 0.0, 0.0, 0.0, 0.0, '2025-09-12 00:37:31.138999', '2025-09-12 00:37:31.138999', 1.0),
  (149, 'laks', 'kød', NULL, 0, NULL, 224.0, 20.0, 0.0, 16.0, 0.0, 0.0, 3.0, 13.0, 0.0, 0.0, 0.0, 0.0, 0.0, 0.0, 0.0, 0.0, 0.0, 0.0, '2025-09-12 00:37:31.139999', '2025-09-12 00:37:31.139999', 1.0),
  (150, 'rugbrød - levebrød kernegrov', 'brød', NULL, 0, NULL, 206.0, 6.1, 37.0, 1.7, 8.9, 2.0, 0.2, 1.5, 0.0, 0.0, 0.0, 0.0, 0.0, 0.0, 0.0, 0.0, 0.0, 0.0, '2025-09-12 00:37:31.140999', '2025-09-12 00:37:31.140999', 1.0),
  (151, 'appelsin', 'frugt', NULL, 0, NULL, 49.0, 1.3, 10.2, 0.1, 2.0, 0.0, 0.0, 0.1, 0.0, 0.0, 0.0, 0.0, 0.0, 0.0, 0.0, 0.0, 0.0, 0.0, '2025-09-12 00:37:31.140999', '2025-09-12 00:37:31.140999', 1.0),
  (152, 'appelsinsaft', 'frugt', NULL, 0, NULL, 43.0, 0.7, 9.0, 0.0, 0.0, 0.0, 0.0, 0.0, 0.0, 0.0, 0.0, 0.0, 0.0, 0.0, 0.0, 0.0, 0.0, 0.0, '2025-09-12 00:37:31.142000', '2025-09-12 00:37:31.142000', 1.0),
  (153, 'linser grønne', 'korn og gryn', NULL, 0, NULL, 419.0, 22.0, 54.0, 1.5, 11.0, 2.0, 0.2, 1.3, 0.0, 0.0, 0.0, 0.0, 0.0, 0.0, 0.0, 0.0, 0.0, 0.0, '2025-09-12 00:37:31.142999', '2025-09-12 00:37:31.142999', 1.0),
  (154, 'chiliflager', 'krydderier', NULL, 0, NULL, 376.0, 12.0, 29.4, 17.3, 27.2, 10.3, 3.3, 14.0, 0.0, 0.0, 0.0, 0.0, 0.0, 0.0, 0.0, 0.0, 0.0, 0.0, '2025-09-12 00:37:31.144000', '2025-09-12 00:37:31.144000', 1.0),
  (155, 'chili', 'grønt', NULL, 0, NULL, 44.0, 2.0, 7.7, 0.2, 1.8, 0.0, 0.0, 0.2, 0.0, 0.0, 0.0, 0.0, 0.0, 0.0, 0.0, 0.0, 0.0, 0.0, '2025-09-12 00:37:31.144000', '2025-09-12 00:37:31.144000', 1.0),
  (156, 'linser røde', 'korn og gryn', NULL, 0, NULL, 389.0, 24.0, 63.0, 2.2, 11.0, 4.6, 0.4, 1.8000000000000003, 0.0, 0.0, 0.0, 0.0, 0.0, 0.0, 0.0, 0.0, 0.0, 0.0, '2025-09-12 00:37:31.144999', '2025-09-12 00:37:31.144999', 1.0),
  (157, 'salchichón', 'pålæg', NULL, 0, NULL, 307.0, 23.0, 2.0, 23.0, 0.0, 1.5, 9.2, 13.8, 0.0, 0.0, 0.0, 0.0, 0.0, 0.0, 0.0, 0.0, 0.0, 0.0, '2025-09-12 00:37:31.145999', '2025-09-12 00:37:31.145999', 1.0),
  (158, 'rejer', 'kød', NULL, 0, NULL, 79.0, 16.5, 0.7, 0.0, 0.0, 0.0, 0.0, 0.0, 0.0, 0.0, 0.0, 0.0, 0.0, 0.0, 0.0, 0.0, 0.0, 0.0, '2025-09-12 00:37:31.147002', '2025-09-12 00:37:31.147002', 1.0),
  (159, 'kokosmælk', 'konserves', NULL, 0, NULL, 181.0, 1.3, 5.7, 17.0, 0.0, 1.3, 15.0, 2.0, 0.0, 0.0, 0.0, 0.0, 0.0, 0.0, 0.0, 0.0, 0.0, 0.0, '2025-09-12 00:37:31.149001', '2025-09-12 00:37:31.149001', 1.0),
  (160, 'chili tørret', 'konserves', NULL, 0, NULL, 324.0, 10.6, 41.2, 5.8, 28.7, 0.0, 0.0, 5.8, 0.0, 0.0, 0.0, 0.0, 0.0, 0.0, 0.0, 0.0, 0.0, 0.0, '2025-09-12 00:37:31.150001', '2025-09-12 00:37:31.150001', 1.0),
  (161, 'sukker', 'condiments', NULL, 0, NULL, 400.0, 0.0, 100.0, 0.0, 0.0, 100.0, 0.0, 0.0, 0.0, 0.0, 0.0, 0.0, 0.0, 0.0, 0.0, 0.0, 0.0, 0.0, '2025-09-12 00:37:31.152001', '2025-09-12 00:37:31.152001', 1.0),
  (162, 'quinoa', 'korn og gryn', NULL, 0, NULL, 380.0, 13.0, 69.0, 4.0, 8.7, 6.7, 0.7, 3.3, 0.0, 0.0, 0.0, 0.0, 0.0, 0.0, 0.0, 0.0, 0.0, 0.0, '2025-09-12 00:37:31.153001', '2025-09-12 00:37:31.153001', 1.0),
  (163, 'ærter', 'grønt', NULL, 0, NULL, 74.0, 6.1, 8.4, 0.7, 4.7, 0.0, 0.0, 0.7, 0.0, 0.0, 0.0, 0.0, 0.0, 0.0, 0.0, 0.0, 0.0, 0.0, '2025-09-12 00:37:31.155001', '2025-09-12 00:37:31.155001', 1.0),
  (164, 'pære', 'frugt', NULL, 0, NULL, 49.0, 0.3, 11.7, 0.1, 3.2, 0.0, 0.0, 0.1, 0.0, 0.0, 0.0, 0.0, 0.0, 0.0, 0.0, 0.0, 0.0, 0.0, '2025-09-12 00:37:31.156002', '2025-09-12 00:37:31.156002', 1.0),
  (165, 'creme fraiche 9%', 'mejeri', NULL, 0, NULL, 110.0, 3.2, 3.4, 9.0, 0.0, 3.4, 5.7, 3.3, 0.0, 0.0, 0.0, 0.0, 0.0, 0.0, 0.0, 0.0, 0.0, 0.0, '2025-09-12 00:37:31.157999', '2025-09-12 00:37:31.157999', 1.0),
  (166, 'mango', 'frugt', NULL, 0, NULL, 137.0, 1.0, 29.1, 1.0, 3.9, 0.0, 0.0, 1.0, 0.0, 0.0, 0.0, 0.0, 0.0, 0.0, 0.0, 0.0, 0.0, 0.0, '2025-09-12 00:37:31.158999', '2025-09-12 00:37:31.158999', 1.0),
  (167, 'kardemomme', 'krydderier', NULL, 0, NULL, 322.0, 10.8, 40.5, 6.7, 28.0, 0.0, 0.7, 6.0, 0.0, 0.0, 0.0, 0.0, 0.0, 0.0, 0.0, 0.0, 0.0, 0.0, '2025-09-12 00:37:31.159999', '2025-09-12 00:37:31.159999', 1.0),
  (168, 'flødeis - vanilje - Salling', 'slik og kager', NULL, 0, NULL, 232.0, 1.9, 20.0, 16.0, 0.0, 18.0, 10.0, 6.0, 0.0, 0.0, 0.0, 0.0, 0.0, 0.0, 0.0, 0.0, 0.0, 0.0, '2025-09-12 00:37:31.160999', '2025-09-12 00:37:31.160999', 1.0),
  (169, 'Sriracha chilisauce', 'condiments', NULL, 0, NULL, 585.0, 2.3, 28.0, 1.2, 0.0, 22.0, 0.2, 1.0, 0.0, 0.0, 0.0, 0.0, 0.0, 0.0, 0.0, 0.0, 0.0, 0.0, '2025-09-12 00:37:31.163001', '2025-09-12 00:37:31.163001', 1.0),
  (170, 'avocado', 'grønt', NULL, 0, NULL, 172.0, 1.9, 9.0, 13.1, 5.2, 0.0, 0.0, 13.1, 0.0, 0.0, 0.0, 0.0, 0.0, 0.0, 0.0, 0.0, 0.0, 0.0, '2025-09-12 00:37:31.164000', '2025-09-12 00:37:31.164000', 1.0),
  (171, 'torsk', 'kød', NULL, 0, NULL, 75.0, 22.0, 0.0, 0.6, 0.0, 0.0, 0.0, 0.6, 0.0, 0.0, 0.0, 0.0, 0.0, 0.0, 0.0, 0.0, 0.0, 0.0, '2025-09-12 00:37:31.165000', '2025-09-12 00:37:31.165000', 1.0),
  (172, 'østerssauce', 'condiments', NULL, 0, NULL, 72.0, 1.1, 17.0, 0.0, 0.0, 12.0, 0.0, 0.0, 0.0, 0.0, 0.0, 0.0, 0.0, 0.0, 0.0, 0.0, 0.0, 0.0, '2025-09-12 00:37:31.166000', '2025-09-12 00:37:31.166000', 1.0),
  (173, 'creme fraishe 18%', 'mejeri', NULL, 0, NULL, 188.0, 2.8, 3.0, 18.0, 0.0, 3.0, 11.0, 7.0, 0.0, 0.0, 0.0, 0.0, 0.0, 0.0, 0.0, 0.0, 0.0, 0.0, '2025-09-12 00:37:31.166999', '2025-09-12 00:37:31.166999', 1.0),
  (174, 'kærnemælk', 'mejeri', NULL, 0, NULL, 34.0, 3.3, 3.8, 0.3, 0.0, 3.8, 0.2, 0.09999999999999998, 0.0, 0.0, 0.0, 0.0, 0.0, 0.0, 0.0, 0.0, 0.0, 0.0, '2025-09-12 00:37:31.167999', '2025-09-12 00:37:31.167999', 1.0),
  (175, 'bagepulver', 'condiments', NULL, 0, NULL, 190.0, 0.1, 42.0, 2.0, 0.0, 0.0, 0.0, 2.0, 0.0, 0.0, 0.0, 0.0, 0.0, 0.0, 0.0, 0.0, 0.0, 0.0, '2025-09-12 00:37:31.168999', '2025-09-12 00:37:31.168999', 1.0),
  (176, 'granatæble', 'frugt', NULL, 0, NULL, 74.0, 0.9, 16.6, 0.3, 0.6, 0.0, 0.0, 0.3, 0.0, 0.0, 0.0, 0.0, 0.0, 0.0, 0.0, 0.0, 0.0, 0.0, '2025-09-12 00:37:31.170000', '2025-09-12 00:37:31.170000', 1.0),
  (177, 'majsmel', 'korn og gryn', NULL, 0, NULL, 361.0, 6.8, 75.5, 2.8, 3.2, 0.0, 0.0, 2.8, 0.0, 0.0, 0.0, 0.0, 0.0, 0.0, 0.0, 0.0, 0.0, 0.0, '2025-09-12 00:37:31.170000', '2025-09-12 00:37:31.170000', 1.0),
  (178, 'tigerrejer', 'kød', NULL, 0, NULL, 67.0, 15.8, 0.0, 0.4, 0.0, 0.0, 0.0, 0.4, 0.0, 0.0, 0.0, 0.0, 0.0, 0.0, 0.0, 0.0, 0.0, 0.0, '2025-09-12 00:37:31.170998', '2025-09-12 00:37:31.170998', 1.0),
  (179, 'æble', 'frugt', NULL, 0, NULL, 55.0, 0.3, 12.1, 0.2, 2.2, 0.0, 0.0, 0.2, 0.0, 0.0, 0.0, 0.0, 0.0, 0.0, 0.0, 0.0, 0.0, 0.0, '2025-09-12 00:37:31.172001', '2025-09-12 00:37:31.172001', 1.0),
  (180, 'tomat - sugo della casa', 'konserves', NULL, 0, NULL, 29.0, 0.0, 6.1, 0.1, 0.0, 5.1, 0.0, 0.1, 0.0, 0.0, 0.0, 0.0, 0.0, 0.0, 0.0, 0.0, 0.0, 0.0, '2025-09-12 00:37:31.172999', '2025-09-12 00:37:31.172999', 1.0),
  (181, 'ålerøget spegepølse', 'pålæg', NULL, 0, NULL, 346.0, 20.0, 1.2, 29.0, 0.6, 0.0, 11.0, 18.0, 0.0, 0.0, 0.0, 0.0, 0.0, 0.0, 0.0, 0.0, 0.0, 0.0, '2025-09-12 00:37:31.172999', '2025-09-12 00:37:31.172999', 1.0),
  (182, 'grønkål', 'grønt', NULL, 0, NULL, 60.0, 4.7, 4.7, 1.1, 6.2, 0.0, 0.0, 1.1, 0.0, 0.0, 0.0, 0.0, 0.0, 0.0, 0.0, 0.0, 0.0, 0.0, '2025-09-12 00:37:31.173999', '2025-09-12 00:37:31.173999', 1.0),
  (183, 'mandler', 'korn og gryn', NULL, 0, NULL, 606.0, 21.2, 7.8, 52.1, 10.6, 0.0, 0.0, 52.1, 0.0, 0.0, 0.0, 0.0, 0.0, 0.0, 0.0, 0.0, 0.0, 0.0, '2025-09-12 00:37:31.174999', '2025-09-12 00:37:31.174999', 1.0),
  (184, 'gravad laks', 'pålæg', NULL, 0, NULL, 178.0, 22.0, 1.6, 9.3, 0.0, 1.6, 1.4, 7.9, 0.0, 0.0, 0.0, 0.0, 0.0, 0.0, 0.0, 0.0, 0.0, 0.0, '2025-09-12 00:37:31.175998', '2025-09-12 00:37:31.175998', 1.0),
  (185, 'spidskommen', 'krydderier', NULL, 0, NULL, 428.0, 18.0, 34.0, 22.0, 0.0, 2.3, 1.5, 20.5, 0.0, 0.0, 0.0, 0.0, 0.0, 0.0, 0.0, 0.0, 0.0, 0.0, '2025-09-12 00:37:31.175998', '2025-09-12 00:37:31.175998', 1.0),
  (186, 'solsikkekerner', 'korn og gryn', NULL, 0, NULL, 645.0, 20.0, 14.0, 56.0, 2.7, 2.6, 7.2, 48.8, 0.0, 0.0, 0.0, 0.0, 0.0, 0.0, 0.0, 0.0, 0.0, 0.0, '2025-09-12 00:37:31.176997', '2025-09-12 00:37:31.176997', 1.0),
  (187, 'paprika', 'krydderier', NULL, 0, NULL, 319.0, 14.0, 19.0, 13.0, 35.0, 10.0, 2.1, 10.9, 0.0, 0.0, 0.0, 0.0, 0.0, 0.0, 0.0, 0.0, 0.0, 0.0, '2025-09-12 00:37:31.179001', '2025-09-12 00:37:31.179001', 1.0),
  (188, 'aubergine', 'grønt', NULL, 0, NULL, 20.0, 0.9, 2.6, 0.1, 2.4, 0.0, 0.0, 0.1, 0.0, 0.0, 0.0, 0.0, 0.0, 0.0, 0.0, 0.0, 0.0, 0.0, '2025-09-12 00:37:31.180001', '2025-09-12 00:37:31.180001', 1.0),
  (189, 'hakket kylling 7-10%', 'kød', NULL, 0, NULL, 160.0, 19.0, 0.0, 8.8, 0.0, 0.0, 2.3, 6.500000000000001, 0.0, 0.0, 0.0, 0.0, 0.0, 0.0, 0.0, 0.0, 0.0, 0.0, '2025-09-12 00:37:31.181002', '2025-09-12 00:37:31.181002', 1.0),
  (190, 'koriander', 'grønt', NULL, 0, NULL, 22.0, 2.1, 0.9, 0.5, 2.8, 0.0, 0.0, 0.5, 0.0, 0.0, 0.0, 0.0, 0.0, 0.0, 0.0, 0.0, 0.0, 0.0, '2025-09-12 00:37:31.182001', '2025-09-12 00:37:31.182001', 1.0),
  (191, 'havregryn finvalset', 'korn og gryn', NULL, 0, NULL, 396.0, 14.0, 57.0, 6.9, 9.9, 1.0, 1.2, 5.7, 0.0, 0.0, 0.0, 0.0, 0.0, 0.0, 0.0, 0.0, 0.0, 0.0, '2025-09-12 00:37:31.183001', '2025-09-12 00:37:31.183001', 1.0),
  (192, 'pesto - grøn - coop', 'condiments', NULL, 0, NULL, 384.0, 5.4, 4.0, 38.0, 0.0, 2.9, 5.4, 32.6, 0.0, 0.0, 0.0, 0.0, 0.0, 0.0, 0.0, 0.0, 0.0, 0.0, '2025-09-12 00:37:31.184002', '2025-09-12 00:37:31.184002', 1.0),
  (193, 'hakkede tomater', 'konserves', NULL, 0, NULL, 19.0, 0.9, 2.9, 0.5, 0.0, 2.7, 0.1, 0.4, 0.0, 0.0, 0.0, 0.0, 0.0, 0.0, 0.0, 0.0, 0.0, 0.0, '2025-09-12 00:37:31.185002', '2025-09-12 00:37:31.185002', 1.0),
  (194, 'sorte ris', 'ris og pasta', NULL, 0, NULL, 342.0, 9.9, 64.0, 3.4, 8.5, 1.2, 0.9, 2.5, 0.0, 0.0, 0.0, 0.0, 0.0, 0.0, 0.0, 0.0, 0.0, 0.0, '2025-09-12 00:37:31.185002', '2025-09-12 00:37:31.185002', 1.0),
  (195, 'torskefilet', 'kød', NULL, 0, NULL, 77.0, 18.0, 0.0, 0.5, 0.0, 0.0, 0.3, 0.2, 0.0, 0.0, 0.0, 0.0, 0.0, 0.0, 0.0, 0.0, 0.0, 0.0, '2025-09-12 00:37:31.186002', '2025-09-12 00:37:31.186002', 1.0),
  (196, 'skalotteløg', 'grønt', NULL, 0, NULL, 71.0, 2.5, 17.0, 0.1, 3.2, 8.0, 0.0, 0.1, 0.0, 0.0, 0.0, 0.0, 0.0, 0.0, 0.0, 0.0, 0.0, 0.0, '2025-09-12 00:37:31.187002', '2025-09-12 00:37:31.187002', 1.0),
  (197, 'tun', 'kød', NULL, 0, NULL, 107.0, 33.5, 0.0, 1.2, 0.0, 0.0, 0.0, 1.2, 0.0, 0.0, 0.0, 0.0, 0.0, 0.0, 0.0, 0.0, 0.0, 0.0, '2025-09-12 00:37:31.188002', '2025-09-12 00:37:31.188002', 1.0),
  (198, 'sukkerærter', 'grønt', NULL, 0, NULL, 48.0, 3.8, 6.4, 0.3, 2.3, 0.0, 0.0, 0.3, 0.0, 0.0, 0.0, 0.0, 0.0, 0.0, 0.0, 0.0, 0.0, 0.0, '2025-09-12 00:37:31.188002', '2025-09-12 00:37:31.188002', 1.0),
  (199, 'karry', 'krydderier', NULL, 0, NULL, 331.0, 14.0, 29.0, 11.0, 30.0, 1.8, 1.5, 9.5, 0.0, 0.0, 0.0, 0.0, 0.0, 0.0, 0.0, 0.0, 0.0, 0.0, '2025-09-12 00:37:31.189003', '2025-09-12 00:37:31.189003', 1.0),
  (200, 'mandelmel', 'korn og gryn', NULL, 0, NULL, 600.0, 24.0, 9.0, 54.0, 0.0, 6.9, 4.5, 49.5, 0.0, 0.0, 0.0, 0.0, 0.0, 0.0, 0.0, 0.0, 0.0, 0.0, '2025-09-12 00:37:31.190002', '2025-09-12 00:37:31.190002', 1.0),
  (201, 'dild', 'grønt', NULL, 0, NULL, 48.0, 3.5, 4.9, 1.1, 2.1, 0.0, 0.0, 1.1, 0.0, 0.0, 0.0, 0.0, 0.0, 0.0, 0.0, 0.0, 0.0, 0.0, '2025-09-12 00:37:31.191002', '2025-09-12 00:37:31.191002', 1.0),
  (202, 'grana padano', 'mejeri', NULL, 0, NULL, 398.0, 33.0, 0.0, 29.0, 0.0, 0.0, 18.0, 11.0, 0.0, 0.0, 0.0, 0.0, 0.0, 0.0, 0.0, 0.0, 0.0, 0.0, '2025-09-12 00:37:31.192002', '2025-09-12 00:37:31.192002', 1.0),
  (203, 'rødvin kogt', 'vin og øl', NULL, 0, NULL, 12.0, 0.2, 2.5, 0.0, 0.0, 0.0, 0.0, 0.0, 0.0, 0.0, 0.0, 0.0, 0.0, 0.0, 0.0, 0.0, 0.0, 0.0, '2025-09-12 00:37:31.193002', '2025-09-12 00:37:31.193002', 1.0),
  (204, 'rødvin', 'vin og øl', NULL, 0, NULL, 85.0, 0.2, 2.5, 0.0, 0.0, 0.0, 0.0, 0.0, 0.0, 0.0, 0.0, 0.0, 0.0, 0.0, 0.0, 0.0, 0.0, 0.0, '2025-09-12 00:37:31.194002', '2025-09-12 00:37:31.194002', 1.0),
  (205, 'flæskesvær - kims gammeldags', 'snacks', NULL, 0, NULL, 589.0, 55.0, 0.0, 41.0, 0.0, 0.0, 14.0, 27.0, 0.0, 0.0, 0.0, 0.0, 0.0, 0.0, 0.0, 0.0, 0.0, 0.0, '2025-09-12 00:37:31.195002', '2025-09-12 00:37:31.195002', 1.0),
  (206, 'chiafrø hvide', 'korn og gryn', NULL, 0, NULL, 476.0, 22.0, 7.9, 22.0, 28.0, 0.5, 3.9, 18.1, 0.0, 0.0, 0.0, 0.0, 0.0, 0.0, 0.0, 0.0, 0.0, 0.0, '2025-09-12 00:37:31.196002', '2025-09-12 00:37:31.196002', 1.0),
  (207, 'tun i olie afdryppet', 'konserves', NULL, 0, NULL, 190.0, 29.0, 0.0, 8.2, 0.0, 0.0, 1.5, 6.699999999999999, 0.0, 0.0, 0.0, 0.0, 0.0, 0.0, 0.0, 0.0, 0.0, 0.0, '2025-09-12 00:37:31.196002', '2025-09-12 00:37:31.196002', 1.0),
  (208, 'spinat', 'grønt', NULL, 0, NULL, 25.0, 3.3, 0.8, 0.5, 2.0, 0.0, 0.0, 0.5, 0.0, 0.0, 0.0, 0.0, 0.0, 0.0, 0.0, 0.0, 0.0, 0.0, '2025-09-12 00:37:31.197002', '2025-09-12 00:37:31.197002', 1.0),
  (209, 'gulerod', 'grønt', NULL, 0, NULL, 38.0, 0.8, 6.3, 0.4, 2.7, 6.1, 0.079, 0.321, 0.0, 0.0, 0.0, 0.0, 0.0, 0.0, 0.0, 0.0, 0.0, 0.0, '2025-09-12 00:37:31.198002', '2025-09-12 00:37:31.198002', 1.0),
  (210, 'Heineken', 'vin og øl', NULL, 0, NULL, 21.0, 0.0, 4.8, 0.0, 0.0, 1.3, 0.0, 0.0, 0.0, 0.0, 0.0, 0.0, 0.0, 0.0, 0.0, 0.0, 0.0, 0.0, '2025-09-12 00:37:31.198002', '2025-09-12 00:37:31.198002', 1.0),
  (211, 'chorizo', 'pålæg', NULL, 0, NULL, 312.0, 21.0, 3.0, 24.0, 0.0, 2.5, 9.6, 14.4, 0.0, 0.0, 0.0, 0.0, 0.0, 0.0, 0.0, 0.0, 0.0, 0.0, '2025-09-12 00:37:31.199002', '2025-09-12 00:37:31.199002', 1.0),
  (212, 'sødmælk', 'mejeri', NULL, 0, NULL, 63.0, 3.4, 4.6, 3.5, 0.0, 4.6, 2.2, 1.2999999999999998, 0.0, 0.0, 0.0, 0.0, 0.0, 0.0, 0.0, 0.0, 0.0, 0.0, '2025-09-12 00:37:31.200002', '2025-09-12 00:37:31.200002', 1.0),
  (213, 'spaghetti 365 fuldkorn', 'ris og pasta', NULL, 0, NULL, 333.0, 12.0, 62.0, 2.5, 7.0, 1.6, 0.4, 2.1, 0.0, 0.0, 0.0, 0.0, 0.0, 0.0, 0.0, 0.0, 0.0, 0.0, '2025-09-12 00:37:31.201002', '2025-09-12 00:37:31.201002', 1.0),
  (214, 'hakket oksekød 4-7%', 'kød', NULL, 1, 1758635046, 137.0, 22.0, 0.0, 5.5, 0.0, 0.0, 2.4, 3.1, 0.0, 0.0, 0.0, 0.0, 0.0, 0.0, 0.0, 0.0, 0.0, 0.0, '2025-09-12 00:37:31.201002', '2025-09-12 00:37:31.201002', 1.0),
  (215, 'bønnespirer', 'grønt', NULL, 0, NULL, 22.0, 4.0, 2.1, 0.7, 0.0, 0.2, 0.1, 0.6, 0.0, 6.0, 79.0, 0.0, 0.0, 0.0, 0.0, 0.0, 0.0, 0.0, '2025-09-12 00:37:31.202002', '2025-09-12 00:37:31.202002', 1.0),
  (216, 'Thise - Skyr 0,2 %', 'mejeri', NULL, 0, NULL, 60.0, 11.0, 3.5, 0.2, 0.0, 3.5, 0.1, 0.1, 0.0, 0.0, 0.0, 0.12, 0.0, 0.0, 0.0, 0.0, 0.0, 0.0, '2025-09-12 00:37:31.203002', '2025-09-12 00:37:31.203002', 1.0),
  (217, 'blåbær', 'frugt', NULL, 0, NULL, 52.0, 0.7, 10.4, 0.5, 1.5, 0.0, 0.0, 0.5, 0.0, 0.0, 0.0, 0.0, 0.0, 0.0, 0.0, 0.0, 0.0, 0.0, '2025-09-12 00:37:31.204002', '2025-09-12 00:37:31.204002', 1.0),
  (218, 'asparges brocoli', 'grønt', NULL, 0, NULL, 38.0, 3.8, 2.7, 0.2, 3.7, 0.0, 0.0, 0.2, 0.0, 0.0, 0.0, 0.0, 0.0, 0.0, 0.0, 0.0, 0.0, 0.0, '2025-09-12 00:37:31.205002', '2025-09-12 00:37:31.205002', 1.0),
  (219, 'Magdalenas', 'slik og kager', NULL, 0, NULL, 433.0, 4.4, 51.0, 22.0, 4.4, 26.0, 4.7, 17.3, 0.0, 0.0, 0.0, 0.0, 0.0, 0.0, 0.0, 0.0, 0.0, 0.0, '2025-09-12 00:37:31.205002', '2025-09-12 00:37:31.205002', 1.0),
  (220, 'turron duro', 'slik og kager', NULL, 0, NULL, 550.0, 15.0, 38.0, 36.0, 7.0, 29.0, 3.0, 33.0, 0.0, 0.0, 0.0, 0.0, 0.0, 0.0, 0.0, 0.0, 0.0, 0.0, '2025-09-12 00:37:31.206002', '2025-09-12 00:37:31.206002', 1.0),
  (221, 'smør lurpak', 'mejeri', NULL, 0, NULL, 739.0, 0.6, 0.7, 82.0, 0.0, 0.7, 52.0, 30.0, 0.0, 0.0, 0.0, 0.0, 0.0, 0.0, 0.0, 0.0, 0.0, 0.0, '2025-09-12 00:37:31.207002', '2025-09-12 00:37:31.207002', 1.0),
  (222, 'hamburgerryg hjemmelavet', 'pålæg', NULL, 0, NULL, 157.0, 16.0, 1.2, 10.0, 0.0, 1.1, 3.3, 6.7, 0.0, 0.0, 0.0, 0.0, 0.0, 0.0, 0.0, 0.0, 0.0, 0.0, '2025-09-12 00:37:31.208002', '2025-09-12 00:37:31.208002', 1.0),
  (223, 'hasselnødder', 'korn og gryn', NULL, 0, NULL, 493.0, 13.0, 17.0, 3.3, 6.7, 3.3, 3.3, 0.0, 0.0, 0.0, 0.0, 0.0, 0.0, 0.0, 0.0, 0.0, 0.0, 0.0, '2025-09-12 00:37:31.209001', '2025-09-12 00:37:31.209001', 1.0),
  (224, 'agurk - drueagurker', 'konserves', NULL, 0, NULL, 55.0, 0.9, 12.0, 0.1, 0.0, 11.0, 0.1, 0.0, 0.0, 0.0, 0.0, 0.0, 0.0, 0.0, 0.0, 0.0, 0.0, 0.0, '2025-09-12 00:37:31.209999', '2025-09-12 00:37:31.209999', 1.0),
  (225, 'nudelsuppe', 'condiments', NULL, 0, NULL, 74.0, 1.3, 10.0, 3.0, 0.0, 0.5, 1.4, 1.6, 0.0, 0.0, 0.0, 0.0, 0.0, 0.0, 0.0, 0.0, 0.0, 0.0, '2025-09-12 00:37:31.210999', '2025-09-12 00:37:31.210999', 1.0),
  (226, 'ingefær, rå', 'grønt', NULL, 0, NULL, 82.0, 1.8, 17.8, 0.8, 2.0, 0.0, 0.2, 0.6000000000000001, 0.0, 0.0, 0.0, 0.0, 0.0, 0.0, 0.0, 0.0, 0.0, 0.0, '2025-09-12 00:37:31.212000', '2025-09-12 00:37:31.212000', 1.0),
  (227, 'ristede løg', 'condiments', NULL, 0, NULL, 590.0, 6.0, 40.0, 44.0, 5.0, 9.0, 21.0, 23.0, 0.0, 0.0, 0.0, 0.0, 0.0, 0.0, 0.0, 0.0, 0.0, 0.0, '2025-09-12 00:37:31.212000', '2025-09-12 00:37:31.212000', 1.0),
  (228, 'ris basmati', 'ris og pasta', NULL, 0, NULL, 353.0, 8.2, 78.0, 0.5, 0.0, 0.0, 0.1, 0.4, 0.0, 0.0, 0.0, 0.0, 0.0, 0.0, 0.0, 0.0, 0.0, 0.0, '2025-09-12 00:37:31.212997', '2025-09-12 00:37:31.212997', 1.0),
  (229, 'rødløg', 'grønt', NULL, 0, NULL, 46.0, 1.6, 10.0, 0.3, 0.0, 0.0, 0.1, 0.19999999999999998, 0.0, 0.0, 0.0, 0.0, 0.0, 0.0, 0.0, 0.0, 0.0, 0.0, '2025-09-12 00:37:31.213997', '2025-09-12 00:37:31.213997', 1.0),
  (230, 'tofu - fried bean curd', 'konserves', NULL, 0, NULL, 88.0, 2.7, 9.1, 4.5, 0.0, 5.5, 0.9, 3.6, 0.0, 0.0, 0.0, 0.0, 0.0, 0.0, 0.0, 0.0, 0.0, 0.0, '2025-09-12 00:37:31.213997', '2025-09-12 00:37:31.213997', 1.0),
  (231, 'banan', 'frugt', NULL, 0, NULL, 88.0, 1.1, 23.0, 0.3, 2.6, 12.0, 0.1, 0.19999999999999998, 0.0, 0.0, 0.0, 0.0, 0.0, 0.0, 0.0, 0.0, 0.0, 0.0, '2025-09-12 00:37:31.214998', '2025-09-12 00:37:31.214998', 1.0),
  (232, 'buko pikant ost', 'mejeri', NULL, 21, 1758718811, 231.0, 4.1, 3.9, 22.0, 0.0, 3.4, 14.0, 8.0, 0.0, 0.0, 0.0, 0.0, 0.0, 0.0, 0.0, 0.0, 0.0, 0.0, '2025-09-12 00:37:31.215999', '2025-09-12 00:37:31.215999', 0.40000000000000013),
  (233, 'græskarkerner', 'korn og gryn', NULL, 0, NULL, 577.0, 25.0, 13.0, 46.0, 5.3, 1.1, 8.7, 37.3, 0.0, 0.0, 0.0, 0.0, 0.0, 0.0, 0.0, 0.0, 0.0, 0.0, '2025-09-12 00:37:31.216999', '2025-09-12 00:37:31.216999', 1.0),
  (234, 'elefantøl', 'vin og øl', NULL, 0, NULL, 58.0, 0.7, 4.3, 0.0, 0.0, 0.0, 0.0, 0.0, 0.0, 0.0, 0.0, 0.0, 0.0, 0.0, 0.0, 0.0, 0.0, 0.0, '2025-09-12 00:37:31.216999', '2025-09-12 00:37:31.216999', 1.0),
  (235, 'hvidløg', 'grønt', NULL, 0, NULL, 160.0, 6.4, 33.1, 0.5, 2.1, 0.0, 0.1, 0.4, 0.0, 17.0, 0.0, 0.0, 0.0, 0.0, 0.0, 0.0, 0.0, 0.0, '2025-09-12 00:37:31.217997', '2025-09-12 00:37:31.217997', 1.0),
  (236, 'peberfrugt, grøn', 'grønt', NULL, 0, NULL, 21.0, 0.9, 4.6, 0.3, 1.8, 0.0, 0.1, 0.19999999999999998, 0.0, 6.0, 0.0, 0.0, 0.0, 0.0, 0.0, 0.0, 0.0, 0.0, '2025-09-12 00:37:31.218999', '2025-09-12 00:37:31.218999', 1.0),
  (237, 'lime', 'grønt', NULL, 0, NULL, 41.0, 0.7, 10.5, 0.2, 2.8, 0.0, 0.0, 0.2, 0.0, 2.0, 0.0, 0.0, 0.0, 0.0, 0.0, 0.0, 0.0, 0.0, '2025-09-12 00:37:31.219998', '2025-09-12 00:37:31.219998', 1.0),
  (238, 'hvidløg fed', 'grønt', NULL, 0, NULL, 17.0, 0.0, 14.0, 7.0, 0.0, 0.0, 0.0, 7.0, 0.0, 0.0, 0.0, 0.0, 0.0, 0.0, 0.0, 0.0, 0.0, 0.0, '2025-09-12 00:37:31.219998', '2025-09-12 00:37:31.219998', 1.0),
  (239, 'oksebov', 'kød', NULL, 0, NULL, 203.0, 19.2, 0.0, 14.2, 0.0, 0.0, 0.0, 14.2, 0.0, 0.0, 0.0, 0.0, 0.0, 0.0, 0.0, 0.0, 0.0, 0.0, '2025-09-12 00:37:31.221000', '2025-09-12 00:37:31.221000', 1.0),
  (240, 'pasta skruer - fuldkorn coop 365', 'ris og pasta', NULL, 0, NULL, 333.0, 12.0, 62.0, 2.5, 7.0, 1.6, 0.4, 2.1, 0.0, 0.0, 0.0, 0.0, 0.0, 0.0, 0.0, 0.0, 0.0, 0.0, '2025-09-12 00:37:31.222001', '2025-09-12 00:37:31.222001', 1.0),
  (241, 'cuvette', 'kød', NULL, 0, NULL, 181.0, 20.0, 0.0, 11.0, 0.0, 0.0, 4.7, 6.3, 0.0, 0.0, 0.0, 0.0, 0.0, 0.0, 0.0, 0.0, 0.0, 0.0, '2025-09-12 00:37:31.222999', '2025-09-12 00:37:31.222999', 1.0),
  (242, 'persille', 'grønt', NULL, 0, NULL, 48.0, 3.7, 3.7, 1.1, 4.1, 0.8, 0.162, 0.9380000000000001, 0.0, 0.0, 0.0, 0.0, 0.0, 0.0, 0.0, 0.0, 0.0, 0.0, '2025-09-12 00:37:31.224001', '2025-09-12 00:37:31.224001', 1.0),
  (243, 'cherry tomat', 'grønt', NULL, 0, NULL, 19.0, 0.7, 4.5, 0.3, 0.0, 0.0, 0.0, 0.3, 0.0, 0.0, 0.0, 0.0, 0.0, 0.0, 0.0, 0.0, 0.0, 0.0, '2025-09-12 00:37:31.226000', '2025-09-12 00:37:31.226000', 1.0),
  (244, 'tuc kiks', 'snacks', NULL, 0, NULL, 479.0, 8.4, 67.0, 191.9, 2.4, 7.1, 0.0, 191.9, 0.0, 0.0, 0.0, 0.0, 0.0, 0.0, 0.0, 0.0, 0.0, 0.0, '2025-09-12 00:37:31.227000', '2025-09-12 00:37:31.227000', 1.0),
  (245, 'æblecider eddike', 'condiments', NULL, 0, NULL, 19.0, 0.0, 1.0, 0.0, 0.0, 0.5, 0.0, 0.0, 0.0, 0.0, 0.0, 0.0, 0.0, 0.0, 0.0, 0.0, 0.0, 0.0, '2025-09-12 00:37:31.227999', '2025-09-12 00:37:31.227999', 1.0),
  (246, 'perleløg - coop', 'frost', NULL, 0, NULL, 52.0, 1.4, 10.0, 0.3, 1.9, 0.0, 0.2, 0.09999999999999998, 0.0, 0.0, 0.0, 0.0, 0.0, 0.0, 0.0, 0.0, 0.0, 0.0, '2025-09-12 00:37:31.230002', '2025-09-12 00:37:31.230002', 1.0),
  (247, 'flæskesvær øffet', 'snacks', NULL, 0, NULL, 671.0, 46.0, 0.0, 54.0, 0.0, 0.0, 19.0, 35.0, 0.0, 0.0, 0.0, 0.0, 0.0, 0.0, 0.0, 0.0, 0.0, 0.0, '2025-09-12 00:37:31.230002', '2025-09-12 00:37:31.230002', 1.0),
  (248, 'irmas remoulade', 'condiments', NULL, 0, NULL, 341.0, 1.0, 23.0, 27.0, 0.0, 22.0, 2.0, 25.0, 0.0, 0.0, 0.0, 0.0, 0.0, 0.0, 0.0, 0.0, 0.0, 0.0, '2025-09-12 00:37:31.231001', '2025-09-12 00:37:31.231001', 1.0),
  (249, 'xanthan', 'condiments', NULL, 0, NULL, 193.0, 5.0, 4.6, 0.0, 77.5, 0.0, 0.0, 0.0, 0.0, 0.0, 0.0, 0.0, 0.0, 0.0, 0.0, 0.0, 0.0, 0.0, '2025-09-12 00:37:31.232000', '2025-09-12 00:37:31.232000', 1.0),
  (250, 'mørbrad hjemmelavet', 'pålæg', NULL, 0, NULL, 120.0, 20.99, 0.0, 3.41, 0.0, 0.0, 1.18, 2.2300000000000004, 0.0, 0.0, 0.0, 0.0, 0.0, 0.0, 0.0, 0.0, 0.0, 0.0, '2025-09-12 00:37:31.233000', '2025-09-12 00:37:31.233000', 1.0),
  (251, 'timian', 'krydderier', NULL, 0, NULL, 285.0, 9.1, 26.9, 7.4, 37.0, 1.7, 2.7, 4.7, 0.0, 0.0, 0.0, 0.0, 0.0, 0.0, 0.0, 0.0, 0.0, 0.0, '2025-09-12 00:37:31.233000', '2025-09-12 00:37:31.233000', 1.0),
  (252, 'Chorizo casademonte', 'kød', NULL, 0, NULL, 528.0, 24.0, 0.0, 48.0, 0.0, 0.0, 18.0, 30.0, 0.0, 0.0, 0.0, 0.0, 0.0, 0.0, 0.0, 0.0, 0.0, 0.0, '2025-09-12 00:37:31.234000', '2025-09-12 00:37:31.234000', 1.0),
  (253, 'agurk', 'grønt', NULL, 20, 1758821090, 12.0, 0.0, 1.8, 0.0, 0.8, 0.0, 0.0, 0.0, 0.0, 0.0, 0.0, 0.0, 0.0, 0.0, 0.0, 0.0, 0.0, 0.0, '2025-09-12 00:37:31.235000', '2025-09-12 00:37:31.235000', 1.8000000000000007),
  (254, 'rugbrød - Gilleleje Havn', 'brød', NULL, 0, NULL, 212.0, 6.4, 32.0, 4.6, 8.7, 2.1, 0.6, 3.9999999999999996, 0.0, 0.0, 0.0, 0.0, 0.0, 0.0, 0.0, 0.0, 0.0, 0.0, '2025-09-12 00:37:31.236000', '2025-09-12 00:37:31.236000', 1.0),
  (255, 'rasp', 'condiments', NULL, 0, NULL, 360.0, 12.0, 70.0, 2.4, 5.1, 4.9, 0.5, 1.9, 0.0, 0.0, 0.0, 0.0, 0.0, 0.0, 0.0, 0.0, 0.0, 0.0, '2025-09-12 00:37:31.236000', '2025-09-12 00:37:31.236000', 1.0),
  (256, 'cayennepeber', 'krydderier', NULL, 0, NULL, 376.0, 12.0, 29.4, 17.3, 27.2, 10.3, 3.3, 14.0, 0.0, 0.0, 0.0, 0.0, 0.0, 0.0, 0.0, 0.0, 0.0, 0.0, '2025-09-12 00:37:31.237000', '2025-09-12 00:37:31.237000', 1.0),
  (257, 'pizza', 'take away', NULL, 0, NULL, 2000.0, 0.0, 0.0, 0.0, 0.0, 0.0, 0.0, 0.0, 0.0, 0.0, 0.0, 0.0, 0.0, 0.0, 0.0, 0.0, 0.0, 0.0, '2025-09-12 00:37:31.238000', '2025-09-12 00:37:31.238000', 1.0),
  (258, 'aceto balsamico', 'condiments', NULL, 2, 1758662826, 91.5, 1.0, 17.0, 0.0, 0.0, 17.0, 0.0, 0.0, 0.0, 0.0, 0.0, 0.0, 0.0, 0.0, 0.0, 0.0, 0.0, 0.0, '2025-09-12 00:37:31.239000', '2025-09-12 00:37:31.239000', 1.0),
  (259, 'grønne bønner', 'grønt', NULL, 0, NULL, 30.0, 1.8, 7.0, 0.1, 3.4, 0.0, 0.0, 0.1, 0.0, 0.0, 0.0, 0.0, 0.0, 0.0, 0.0, 0.0, 0.0, 0.0, '2025-09-12 00:37:31.240999', '2025-09-12 00:37:31.240999', 1.0),
  (260, 'ota solknas', 'korn og gryn', NULL, 0, NULL, 389.0, 11.0, 62.0, 6.8, 17.0, 12.0, 1.1, 5.699999999999999, 0.0, 0.0, 0.0, 0.0, 0.0, 0.0, 0.0, 0.0, 0.0, 0.0, '2025-09-12 00:37:31.242005', '2025-09-12 00:37:31.242005', 1.0),
  (261, 'makrel i tomat', 'konserves', NULL, 0, NULL, 170.0, 13.0, 2.0, 12.0, 0.0, 2.0, 1.2, 10.8, 0.0, 0.0, 0.0, 0.0, 0.0, 0.0, 0.0, 0.0, 0.0, 0.0, '2025-09-12 00:37:31.242005', '2025-09-12 00:37:31.242005', 1.0),
  (262, 'rågi knækbrød', 'brød', NULL, 0, NULL, 330.0, 9.0, 62.0, 1.5, 19.0, 1.0, 0.4, 1.1, 0.0, 0.0, 0.0, 0.0, 0.0, 0.0, 0.0, 0.0, 0.0, 0.0, '2025-09-12 00:37:31.243004', '2025-09-12 00:37:31.243004', 1.0),
  (263, 'vandmelon', 'frugt', NULL, 0, NULL, 33.0, 0.6, 8.0, 0.2, 0.4, 6.0, 0.0, 0.2, 0.0, 0.0, 0.0, 0.0, 0.0, 0.0, 0.0, 0.0, 0.0, 0.0, '2025-09-12 00:37:31.244002', '2025-09-12 00:37:31.244002', 1.0),
  (264, 'laurbærblade', 'krydderier', NULL, 0, NULL, 353.0, 7.6, 48.7, 8.4, 26.3, 0.0, 2.3, 6.1000000000000005, 0.0, 0.0, 0.0, 0.0, 0.0, 0.0, 0.0, 0.0, 0.0, 0.0, '2025-09-12 00:37:31.245002', '2025-09-12 00:37:31.245002', 1.0),
  (265, 'alioli - Irma', 'condiments', NULL, 0, NULL, 730.0, 1.5, 1.0, 80.0, 0.0, 1.0, 6.0, 74.0, 0.0, 0.0, 0.0, 0.0, 0.0, 0.0, 0.0, 0.0, 0.0, 0.0, '2025-09-12 00:37:31.245002', '2025-09-12 00:37:31.245002', 1.0),
  (266, 'hakket oksekød 5-8%', 'kød', NULL, 0, NULL, 144.0, 21.0, 0.0, 6.5, 0.0, 0.0, 2.7, 3.8, 0.0, 0.0, 0.0, 0.0, 0.0, 0.0, 0.0, 0.0, 0.0, 0.0, '2025-09-12 00:37:31.246002', '2025-09-12 00:37:31.246002', 1.0),
  (267, 'kapers', 'konserves', NULL, 0, NULL, 41.0, 3.0, 4.0, 0.6, 0.0, 0.0, 0.0, 0.6, 0.0, 0.0, 0.0, 0.0, 0.0, 0.0, 0.0, 0.0, 0.0, 0.0, '2025-09-12 00:37:31.247002', '2025-09-12 00:37:31.247002', 1.0),
  (268, 'Whey protein', 'Whey protein', NULL, 0, NULL, 101.0, 19.0, 1.9, 1.9, 0.5, 1.9, 1.1, 0.7999999999999998, 0.0, 0.0, 0.0, 0.0, 0.0, 0.0, 0.0, 0.0, 0.0, 0.0, '2025-09-12 00:37:31.248001', '2025-09-12 00:37:31.248001', 1.0),
  (269, 'tomat passata - salling', 'konserves', NULL, 0, NULL, 31.0, 1.6, 7.9, 0.0, 0.0, 3.9, 0.0, 0.0, 0.0, 0.0, 0.0, 0.0, 0.0, 0.0, 0.0, 0.0, 0.0, 0.0, '2025-09-12 00:37:31.248001', '2025-09-12 00:37:31.248001', 1.0),
  (270, 'kanel', 'krydderier', NULL, 0, NULL, 243.0, 0.0, 27.5, 1.2, 53.1, 2.2, 0.3, 0.8999999999999999, 0.0, 0.0, 0.0, 0.0, 0.0, 0.0, 0.0, 0.0, 0.0, 0.0, '2025-09-12 00:37:31.249002', '2025-09-12 00:37:31.249002', 1.0),
  (271, 'bambusskud - coop', 'konserves', NULL, 0, NULL, 20.0, 1.6, 3.2, 0.0, 0.0, 0.7, 0.0, 0.0, 0.0, 0.0, 0.0, 0.0, 0.0, 0.0, 0.0, 0.0, 0.0, 0.0, '2025-09-12 00:37:31.250002', '2025-09-12 00:37:31.250002', 1.0),
  (272, 'tomat passata - øgo', 'konserves', NULL, 0, NULL, 37.0, 1.4, 6.8, 0.0, 0.0, 5.0, 0.0, 0.0, 0.0, 0.0, 0.0, 0.0, 0.0, 0.0, 0.0, 0.0, 0.0, 0.0, '2025-09-12 00:37:31.251002', '2025-09-12 00:37:31.251002', 1.0),
  (273, 'bambusskud - netto', 'konserves', NULL, 0, NULL, 16.0, 2.0, 2.0, 0.0, 0.0, 0.0, 0.0, 0.0, 0.0, 0.0, 0.0, 0.0, 0.0, 0.0, 0.0, 0.0, 0.0, 0.0, '2025-09-12 00:37:31.251002', '2025-09-12 00:37:31.251002', 1.0),
  (274, 'olivenolie', 'condiments', NULL, 0, NULL, 900.0, 0.0, 0.0, 100.0, 0.0, 0.0, 13.0, 87.0, 0.0, 0.0, 0.0, 0.0, 0.0, 0.0, 0.0, 0.0, 0.0, 0.0, '2025-09-12 00:37:31.252001', '2025-09-12 00:37:31.252001', 1.0),
  (275, 'sukrin', 'krydderier', NULL, 0, NULL, 0.0, 0.0, 0.0, 0.0, 0.0, 0.0, 0.0, 0.0, 0.0, 0.0, 0.0, 0.0, 0.0, 0.0, 0.0, 0.0, 0.0, 0.0, '2025-09-12 00:37:31.253002', '2025-09-12 00:37:31.253002', 1.0),
  (276, 'BCAA', 'BCAA', NULL, 0, NULL, 41.0, 0.0, 0.3, 0.0, 0.0, 0.0, 0.0, 0.0, 0.0, 0.0, 0.0, 0.0, 0.0, 0.0, 0.0, 0.0, 0.0, 0.0, '2025-09-12 00:37:31.253002', '2025-09-12 00:37:31.253002', 1.0),
  (277, 'hvidvinseddike', 'condiments', NULL, 0, NULL, 20.0, 0.0, 0.0, 0.0, 0.0, 0.0, 0.0, 0.0, 0.0, 0.0, 0.0, 0.0, 0.0, 0.0, 0.0, 0.0, 0.0, 0.0, '2025-09-12 00:37:31.256001', '2025-09-12 00:37:31.256001', 1.0),
  (278, 'hvidkål', 'grønt', NULL, 0, NULL, 24.0, 1.3, 6.0, 0.1, 2.5, 3.2, 0.0, 0.1, 0.0, 0.0, 0.0, 0.0, 0.0, 0.0, 0.0, 0.0, 0.0, 0.0, '2025-09-12 00:37:31.257000', '2025-09-12 00:37:31.257000', 1.0),
  (279, 'bouillon - okse - knorr', 'condiments', NULL, 0, NULL, 60.0, 1.3, 4.3, 4.0, 0.0, 1.0, 2.8, 1.2000000000000002, 0.0, 0.0, 0.0, 0.0, 0.0, 0.0, 0.0, 0.0, 0.0, 0.0, '2025-09-12 00:37:31.258001', '2025-09-12 00:37:31.258001', 1.0),
  (280, 'skinke extra', 'pålæg', NULL, 0, NULL, 130.0, 17.0, 2.0, 6.0, 0.0, 1.9, 2.4, 3.6, 0.0, 0.0, 0.0, 0.0, 0.0, 0.0, 0.0, 0.0, 0.0, 0.0, '2025-09-12 00:37:31.258001', '2025-09-12 00:37:31.258001', 1.0),
  (281, 'bouillon - grøntsags - knorr', 'condiments', NULL, 0, NULL, 70.0, 1.0, 4.3, 5.4, 0.0, 1.3, 3.7, 1.7000000000000002, 0.0, 0.0, 0.0, 0.0, 0.0, 0.0, 0.0, 0.0, 0.0, 0.0, '2025-09-12 00:37:31.259000', '2025-09-12 00:37:31.259000', 1.0),
  (282, 'peanut butter - coop 365', 'condiments', NULL, 0, NULL, 626.0, 31.0, 8.7, 50.0, 8.8, 2.8, 12.0, 38.0, 0.0, 0.0, 0.0, 0.0, 0.0, 0.0, 0.0, 0.0, 0.0, 0.0, '2025-09-12 00:37:31.260000', '2025-09-12 00:37:31.260000', 1.0),
  (283, 'æg - XL(70), L(60), ML(55), M(50), S(40)', 'mejeri', NULL, 0, NULL, 137.0, 12.3, 1.2, 9.2, 0.0, 0.0, 2.4, 6.799999999999999, 0.0, 0.0, 0.0, 0.0, 0.0, 0.0, 0.0, 0.0, 0.0, 0.0, '2025-09-12 00:37:31.261000', '2025-09-12 00:37:31.261000', 1.0),
  (284, 'roastbeef coop', 'pålæg', NULL, 0, NULL, 135.0, 27.0, 1.0, 2.5, 0.0, 1.0, 0.8, 1.7, 0.0, 0.0, 0.0, 0.0, 0.0, 0.0, 0.0, 0.0, 0.0, 0.0, '2025-09-12 00:37:31.261000', '2025-09-12 00:37:31.261000', 1.0),
  (285, 'mayonnaise - heinz', 'condiments', NULL, 0, NULL, 644.0, 0.8, 3.0, 70.0, 0.0, 1.5, 5.3, 64.7, 0.0, 0.0, 0.0, 0.0, 0.0, 0.0, 0.0, 0.0, 0.0, 0.0, '2025-09-12 00:37:31.262000', '2025-09-12 00:37:31.262000', 1.0),
  (286, 'bouillon - svine - knorr', 'condiments', NULL, 0, NULL, 70.0, 2.5, 4.0, 4.9, 0.0, 1.0, 3.2, 1.7000000000000002, 0.0, 0.0, 0.0, 0.0, 0.0, 0.0, 0.0, 0.0, 0.0, 0.0, '2025-09-12 00:37:31.263001', '2025-09-12 00:37:31.263001', 1.0),
  (287, 'champion', 'grønt', NULL, 0, NULL, 22.0, 2.5, 0.7, 0.5, 2.4, 0.0, 0.114, 0.386, 0.0, 0.0, 0.0, 0.0, 0.0, 0.0, 0.0, 0.0, 0.0, 0.0, '2025-09-12 00:37:31.264000', '2025-09-12 00:37:31.264000', 1.0),
  (288, 'bacon tullip', 'kød', NULL, 0, NULL, 281.0, 14.0, 0.0, 25.0, 0.0, 0.0, 9.5, 15.5, 0.0, 0.0, 0.0, 0.0, 0.0, 0.0, 0.0, 0.0, 0.0, 0.0, '2025-09-12 00:37:31.264000', '2025-09-12 00:37:31.264000', 1.0),
  (289, 'queso mancheco', 'mejeri', NULL, 0, NULL, 436.0, 23.0, 2.0, 37.0, 0.0, 0.0, 29.0, 8.0, 0.0, 0.0, 0.0, 0.0, 0.0, 0.0, 0.0, 0.0, 0.0, 0.0, '2025-09-12 00:37:31.265000', '2025-09-12 00:37:31.265000', 1.0),
  (290, 'curry paste rød', 'condiments', NULL, 0, NULL, 118.0, 4.4, 9.0, 6.4, 3.2, 7.6, 1.0, 5.4, 0.0, 0.0, 0.0, 0.0, 0.0, 0.0, 0.0, 0.0, 0.0, 0.0, '2025-09-12 00:37:31.266000', '2025-09-12 00:37:31.266000', 1.0),
  (291, 'bouillon - hønse - knorr', 'condiments', NULL, 0, NULL, 70.0, 0.8, 5.4, 5.0, 0.0, 0.9, 3.5, 1.5, 0.0, 0.0, 0.0, 0.0, 0.0, 0.0, 0.0, 0.0, 0.0, 0.0, '2025-09-12 00:37:31.267004', '2025-09-12 00:37:31.267004', 1.0),
  (292, 'fiskesovs', 'condiments', NULL, 0, NULL, 42.0, 4.4, 6.0, 0.0, 0.0, 4.4, 6.2, 0.0, 0.0, 0.0, 0.0, 0.0, 0.0, 0.0, 0.0, 0.0, 0.0, 0.0, '2025-09-12 00:37:31.267004', '2025-09-12 00:37:31.267004', 1.0),
  (293, 'lime saft', 'grønt', NULL, 0, NULL, 25.0, 0.4, 8.4, 0.1, 0.4, 1.7, 0.0, 0.1, 0.0, 0.0, 0.0, 0.0, 0.0, 0.0, 0.0, 0.0, 0.0, 0.0, '2025-09-12 00:37:31.268002', '2025-09-12 00:37:31.268002', 1.0),
  (294, 'mozzarella revet', 'mejeri', NULL, 0, NULL, 260.0, 1.2, 3.2, 15.0, 0.0, 1.0, 9.8, 5.199999999999999, 0.0, 0.0, 0.0, 0.0, 0.0, 0.0, 0.0, 0.0, 0.0, 0.0, '2025-09-12 00:37:31.269002', '2025-09-12 00:37:31.269002', 1.0),
  (295, 'kokosolie', 'condiments', NULL, 0, NULL, 900.0, 0.0, 0.0, 100.0, 0.0, 0.0, 87.0, 13.0, 0.0, 0.0, 0.0, 0.0, 0.0, 0.0, 0.0, 0.0, 0.0, 0.0, '2025-09-12 00:37:31.270000', '2025-09-12 00:37:31.270000', 1.0),
  (296, 'forårsløg', 'grønt', NULL, 0, NULL, 32.0, 1.8, 7.0, 0.2, 2.6, 2.3, 0.0, 0.2, 0.0, 0.0, 0.0, 0.0, 0.0, 0.0, 0.0, 0.0, 0.0, 0.0, '2025-09-12 00:37:31.271001', '2025-09-12 00:37:31.271001', 1.0),
  (297, 'tun i olie', 'konserves', NULL, 0, NULL, 305.0, 20.0, 0.0, 25.0, 0.0, 0.0, 0.3, 24.7, 0.0, 0.0, 0.0, 0.0, 0.0, 0.0, 0.0, 0.0, 0.0, 0.0, '2025-09-12 00:37:31.271001', '2025-09-12 00:37:31.271001', 1.0),
  (298, 'spegepølse sønderjysk - carl', 'pålæg', NULL, 0, NULL, 405.0, 18.0, 4.0, 36.0, 0.0, 1.0, 13.0, 23.0, 0.0, 0.0, 0.0, 0.0, 0.0, 0.0, 0.0, 0.0, 0.0, 0.0, '2025-09-12 00:37:31.272002', '2025-09-12 00:37:31.272002', 1.0),
  (299, 'soya Kikkoman', 'condiments', NULL, 0, NULL, 77.0, 10.0, 3.2, 0.0, 0.0, 0.0, 0.0, 0.0, 0.0, 0.0, 0.0, 0.0, 0.0, 0.0, 0.0, 0.0, 0.0, 0.0, '2025-09-12 00:37:31.273001', '2025-09-12 00:37:31.273001', 1.0),
  (300, 'Philadelphia', 'mejeri', NULL, 0, NULL, 226.0, 5.4, 4.3, 21.0, 0.0, 4.3, 14.0, 7.0, 0.0, 0.0, 0.0, 0.0, 0.0, 0.0, 0.0, 0.0, 0.0, 0.0, '2025-09-12 00:37:31.274001', '2025-09-12 00:37:31.274001', 1.0),
  (301, 'tomat pure - coop', 'konserves', NULL, 0, NULL, 93.0, 4.8, 15.0, 1.0, 0.0, 15.0, 0.2, 0.8, 0.0, 0.0, 0.0, 0.0, 0.0, 0.0, 0.0, 0.0, 0.0, 0.0, '2025-09-12 00:37:31.275000', '2025-09-12 00:37:31.275000', 1.0),
  (302, 'flødeost philadelphia', 'mejeri', NULL, 0, NULL, 225.0, 5.8, 3.2, 21.0, 0.0, 0.0, 0.0, 21.0, 0.0, 0.0, 0.0, 0.0, 0.0, 0.0, 0.0, 0.0, 0.0, 0.0, '2025-09-12 00:37:31.275000', '2025-09-12 00:37:31.275000', 1.0),
  (303, 'hamburgerryg coop', 'pålæg', NULL, 0, NULL, 110.0, 20.0, 0.7, 3.0, 0.0, 0.7, 1.0, 2.0, 0.0, 0.0, 0.0, 0.0, 0.0, 0.0, 0.0, 0.0, 0.0, 0.0, '2025-09-12 00:37:31.276001', '2025-09-12 00:37:31.276001', 1.0);
